{"options":{"awareOfChrome":false,"check_for_updates":true,"comment":null,"compat_arrayleft":false,"compat_foreach":false,"compat_forvarin":false,"compat_metadata":false,"compat_uW_gmonkey":false,"compat_wrappedjsobject":false,"compatopts_for_requires":true,"noframes":null,"override":{"merge_connects":true,"merge_excludes":true,"merge_includes":true,"merge_matches":true,"orig_connects":["bilibili.com","*"],"orig_excludes":[],"orig_includes":["/^https?:\\/\\/live\\.bilibili\\.com\\/(blanc\\/)?\\d+.*$/"],"orig_matches":[],"orig_noframes":null,"orig_run_at":"document-start","use_blockers":[],"use_connects":[],"use_excludes":[],"use_includes":[],"use_matches":[]},"run_at":null},"settings":{"enabled":true,"position":18},"meta":{"name":"Bilibili直播间挂机助手3","uuid":"1ae6a396-ffd4-4bfa-8d59-f7dc2784dc58","modified":1610956879305,"file_url":"https://greasyfork.org/scripts/37095-bilibili%E7%9B%B4%E6%92%AD%E9%97%B4%E6%8C%82%E6%9C%BA%E5%8A%A9%E6%89%8B/code/Bilibili%E7%9B%B4%E6%92%AD%E9%97%B4%E6%8C%82%E6%9C%BA%E5%8A%A9%E6%89%8B.user.js"}}