{"data":{"biliAppHomeKey":"s4727c53bf7c51c5dd205deb6332f7f21","boxHeight":"n2","historyLimit":"n10","historyRecommend":"s[{\"title\":\"【彩虹六号】每一位R6玩家都值得拥有的闹钟铃声\",\"cover\":\"https://i0.hdslb.com/bfs/archive/ce49e9b4a18f5f3f17e1b80b9454244a44881af3.jpg\",\"uri\":\"bilibili://video/459092537\",\"param\":\"459092537\",\"goto\":\"av\",\"desc\":\"111弹幕\",\"play\":230065,\"danmaku\":111,\"reply\":584,\"favorite\":7957,\"coin\":5083,\"share\":7146,\"like\":9068,\"duration\":31,\"rcmd_reason\":{\"id\":2,\"content\":\"9千点赞\"},\"idx\":1614423400,\"cid\":293932955,\"tid\":65,\"tname\":\"网络游戏\",\"tag\":{\"tag_id\":421428,\"tag_name\":\"沙雕\",\"count\":{\"atten\":30285}},\"dislike_reasons\":[{\"reason_id\":4,\"reason_name\":\"UP主:百乔2333\"},{\"reason_id\":2,\"reason_name\":\"分区:网络游戏\"},{\"reason_id\":3,\"reason_name\":\"标签:沙雕\"},{\"reason_id\":1,\"reason_name\":\"不感兴趣\"}],\"ctime\":1612620590,\"autoplay\":1,\"mid\":13655136,\"name\":\"百乔2333\",\"face\":\"http://i0.hdslb.com/bfs/face/d5115ee77b4cea8043aae38dfaa7a606c20f8b10.jpg\",\"autoplay_card\":2},{\"title\":\"【超级小桀/马里奥制造1】这个一看就知道是骗我的，他会对我那么好吗\",\"cover\":\"https://i0.hdslb.com/bfs/archive/e6e28f874fbfd0ce19d307a2166900adc5ab8bcb.jpg\",\"uri\":\"bilibili://video/629470397\",\"param\":\"629470397\",\"goto\":\"av\",\"desc\":\"78弹幕\",\"play\":6866,\"danmaku\":78,\"reply\":52,\"favorite\":75,\"coin\":73,\"share\":3,\"like\":844,\"duration\":329,\"idx\":1614423399,\"cid\":303758294,\"tid\":17,\"tname\":\"单机游戏\",\"tag\":{\"tag_id\":18645831,\"tag_name\":\"主机 游戏\",\"count\":{}},\"dislike_reasons\":[{\"reason_id\":4,\"reason_name\":\"UP主:神奇的维C\"},{\"reason_id\":2,\"reason_name\":\"分区:单机游戏\"},{\"reason_id\":3,\"reason_name\":\"标签:主机 游戏\"},{\"reason_id\":1,\"reason_name\":\"不感兴趣\"}],\"ctime\":1614421733,\"autoplay\":1,\"mid\":17832078,\"name\":\"神奇的维C\",\"face\":\"http://i0.hdslb.com/bfs/face/66c6e39eca04936ad1934f755866e80c17dd97a2.jpg\",\"official\":{\"role\":1,\"title\":\"bilibili 知名游戏UP主\"}},{\"title\":\"史上最沙雕の熱き決闘者たち\",\"cover\":\"https://i2.hdslb.com/bfs/archive/58be7b6b3f5927123a146ceb1eccf250c55d1239.jpg\",\"uri\":\"bilibili://video/501572929\",\"param\":\"501572929\",\"goto\":\"av\",\"desc\":\"234弹幕\",\"play\":247961,\"danmaku\":234,\"reply\":443,\"favorite\":8212,\"coin\":8147,\"share\":3241,\"like\":17693,\"duration\":99,\"rcmd_reason\":{\"id\":2,\"content\":\"1万点赞\"},\"idx\":1614423398,\"cid\":295054329,\"tid\":173,\"tname\":\"桌游棋牌\",\"tag\":{\"tag_id\":18040064,\"tag_name\":\"游戏王决斗链接-我的回合\",\"count\":{\"atten\":432}},\"dislike_reasons\":[{\"reason_id\":4,\"reason_name\":\"UP主:一般村民B\"},{\"reason_id\":2,\"reason_name\":\"分区:桌游棋牌\"},{\"reason_id\":3,\"reason_name\":\"标签:游戏王决斗链接-我的回合\"},{\"reason_id\":1,\"reason_name\":\"不感兴趣\"}],\"ctime\":1612799158,\"autoplay\":1,\"mid\":51405,\"name\":\"一般村民B\",\"face\":\"http://i0.hdslb.com/bfs/face/737534300a81a872a75dfbaad56fdf45d26fffa7.jpg\"},{\"title\":\"你管这玩意叫先锋？？？\",\"cover\":\"https://i1.hdslb.com/bfs/archive/64096987954fa6f5957f07f8039cea4a9b8d8163.jpg\",\"uri\":\"bilibili://video/886542173\",\"param\":\"886542173\",\"goto\":\"av\",\"desc\":\"487弹幕\",\"play\":244769,\"danmaku\":487,\"reply\":451,\"favorite\":1721,\"coin\":1055,\"share\":769,\"like\":18392,\"duration\":321,\"idx\":1614423397,\"cid\":295661927,\"tid\":172,\"tname\":\"手机游戏\",\"tag\":{\"is_atten\":1,\"tag_id\":4610466,\"tag_name\":\"明日方舟\",\"count\":{\"atten\":316381}},\"dislike_reasons\":[{\"reason_id\":4,\"reason_name\":\"UP主:伊颜轩\"},{\"reason_id\":2,\"reason_name\":\"分区:手机游戏\"},{\"reason_id\":3,\"reason_name\":\"标签:明日方舟\"},{\"reason_id\":1,\"reason_name\":\"不感兴趣\"}],\"ctime\":1612916105,\"autoplay\":1,\"mid\":13262144,\"name\":\"伊颜轩\",\"face\":\"http://i2.hdslb.com/bfs/face/e05268febd6310f20804903494072151c717d2d2.jpg\"},{\"title\":\"【1080P/简中字幕】少女歌剧 剧场版 Revue Starlight RONDO RONDO RONDO\",\"cover\":\"https://i0.hdslb.com/bfs/archive/e9594b6bad109168bc7dde6a6629cc6e044df4f2.jpg\",\"uri\":\"bilibili://video/416769105\",\"param\":\"416769105\",\"goto\":\"av\",\"desc\":\"189弹幕\",\"play\":26530,\"danmaku\":189,\"reply\":153,\"favorite\":3404,\"coin\":716,\"share\":873,\"like\":1616,\"duration\":14611,\"rcmd_reason\":{\"id\":2,\"content\":\"番剧·点赞飙升\"},\"idx\":1614423396,\"cid\":302433144,\"tid\":152,\"tname\":\"官方延伸\",\"tag\":{\"tag_id\":8223742,\"tag_name\":\"恋哥哥\",\"count\":{\"atten\":1}},\"dislike_reasons\":[{\"reason_id\":4,\"reason_name\":\"UP主:erolidaze\"},{\"reason_id\":2,\"reason_name\":\"分区:官方延伸\"},{\"reason_id\":3,\"reason_name\":\"标签:恋哥哥\"},{\"reason_id\":1,\"reason_name\":\"不感兴趣\"}],\"ctime\":1614185072,\"autoplay\":1,\"mid\":2334868,\"name\":\"erolidaze\",\"face\":\"http://i1.hdslb.com/bfs/face/5c2c7566430ddd71addc02f60e6d3394665cc087.jpg\"},{\"title\":\"【东方x刃牙】【烈海王幻想入】地上最强情侣打架！前半・vs 八意永琳【灵魂能力6】\",\"cover\":\"https://i2.hdslb.com/bfs/archive/11e518e8d55b1a72384499673e7224bb87a3386e.jpg\",\"uri\":\"bilibili://video/246531784\",\"param\":\"246531784\",\"goto\":\"av\",\"desc\":\"12弹幕\",\"play\":7614,\"danmaku\":12,\"reply\":56,\"favorite\":97,\"coin\":132,\"share\":21,\"like\":442,\"duration\":212,\"idx\":1614423395,\"cid\":295733305,\"tid\":27,\"tname\":\"综合\",\"tag\":{\"is_atten\":1,\"tag_id\":166,\"tag_name\":\"东方\",\"count\":{\"atten\":247654}},\"dislike_reasons\":[{\"reason_id\":4,\"reason_name\":\"UP主:Zamu沙武\"},{\"reason_id\":2,\"reason_name\":\"分区:综合\"},{\"reason_id\":3,\"reason_name\":\"标签:东方\"},{\"reason_id\":1,\"reason_name\":\"不感兴趣\"}],\"ctime\":1612929039,\"autoplay\":1,\"mid\":6485487,\"name\":\"Zamu沙武\",\"face\":\"http://i0.hdslb.com/bfs/face/d96784609f3748c41ec716879425bbb969d0af6c.jpg\"},{\"title\":\"为改娇生惯养，猫主动体验丛林生活\",\"cover\":\"https://i1.hdslb.com/bfs/archive/54841f247ce92b0a6236cfb31d14899b00e77f67.jpg\",\"uri\":\"bilibili://video/756858206\",\"param\":\"756858206\",\"goto\":\"av\",\"desc\":\"267弹幕\",\"play\":102415,\"danmaku\":267,\"reply\":205,\"favorite\":836,\"coin\":4253,\"share\":218,\"like\":15202,\"duration\":71,\"rcmd_reason\":{\"id\":1,\"content\":\"编辑推荐\"},\"idx\":1614423394,\"cid\":303024212,\"tid\":218,\"tname\":\"喵星人\",\"tag\":{\"tag_id\":18721028,\"tag_name\":\"世界动植物日\",\"count\":{}},\"dislike_reasons\":[{\"reason_id\":4,\"reason_name\":\"UP主:白胖过来\"},{\"reason_id\":2,\"reason_name\":\"分区:喵星人\"},{\"reason_id\":3,\"reason_name\":\"标签:世界动植物日\"},{\"reason_id\":1,\"reason_name\":\"不感兴趣\"}],\"ctime\":1614311230,\"autoplay\":1,\"mid\":37840358,\"name\":\"白胖过来\",\"face\":\"http://i2.hdslb.com/bfs/face/0ed085ef01c0ba5ab75517d21417b904f997a440.jpg\",\"official\":{\"role\":1,\"title\":\"bilibili 知名萌宠UP主\"}},{\"title\":\"YOASOBI - 群青 / THE FIRST TAKE\",\"cover\":\"https://i0.hdslb.com/bfs/archive/bc28433d3250a10d8506d436f271c245d3499003.png\",\"uri\":\"bilibili://video/799422708\",\"param\":\"799422708\",\"goto\":\"av\",\"desc\":\"337弹幕\",\"play\":48078,\"danmaku\":337,\"reply\":260,\"favorite\":3735,\"coin\":1737,\"share\":1849,\"like\":4408,\"duration\":630,\"idx\":1614423393,\"cid\":303431431,\"tid\":29,\"tname\":\"音乐现场\",\"tag\":{\"tag_id\":12566157,\"tag_name\":\"YOASOBI\",\"count\":{\"atten\":1147}},\"dislike_reasons\":[{\"reason_id\":4,\"reason_name\":\"UP主:YOASOBI情报搬运站\"},{\"reason_id\":2,\"reason_name\":\"分区:音乐现场\"},{\"reason_id\":3,\"reason_name\":\"标签:YOASOBI\"},{\"reason_id\":1,\"reason_name\":\"不感兴趣\"}],\"ctime\":1614341718,\"autoplay\":1,\"mid\":628700564,\"name\":\"YOASOBI情报搬运站\",\"face\":\"http://i1.hdslb.com/bfs/face/cf9b8b4e386a4c02f04958831926b9859025762f.jpg\"},{\"title\":\"王老菊教你像素自走棋\",\"cover\":\"https://i1.hdslb.com/bfs/archive/b33f0634c2ba8d7b777e7f18a3f5af3273f9254e.jpg\",\"uri\":\"bilibili://video/799014148\",\"param\":\"799014148\",\"goto\":\"av\",\"desc\":\"5398弹幕\",\"play\":659642,\"danmaku\":5398,\"reply\":4736,\"favorite\":11032,\"coin\":37107,\"share\":775,\"like\":44568,\"duration\":2665,\"rcmd_reason\":{\"id\":3,\"content\":\"已关注\",\"message\":\"怕上火暴王老菊\"},\"idx\":1614423392,\"cid\":295538516,\"tid\":17,\"tname\":\"单机游戏\",\"tag\":{\"tag_id\":9229031,\"tag_name\":\"自走棋\",\"count\":{\"atten\":5905}},\"dislike_reasons\":[{\"reason_id\":4,\"reason_name\":\"UP主:怕上火暴王老菊\"},{\"reason_id\":2,\"reason_name\":\"分区:单机游戏\"},{\"reason_id\":3,\"reason_name\":\"标签:自走棋\"},{\"reason_id\":1,\"reason_name\":\"不感兴趣\"}],\"ctime\":1612882622,\"autoplay\":1,\"mid\":423895,\"name\":\"怕上火暴王老菊\",\"face\":\"http://i2.hdslb.com/bfs/face/550121f5c2c5d02b35ee525064dcd4c2612b26ea.jpg\",\"is_atten\":1,\"official\":{\"role\":1,\"title\":\"bilibili 2019百大UP主、知名UP主\"}},{\"title\":\"吃很多鱼的猫疯了，印花布猫是最贪婪的\",\"cover\":\"https://i1.hdslb.com/bfs/archive/5c599c8178afcf4bf454743c63d1383a6d6890ad.jpg\",\"uri\":\"bilibili://video/416681193\",\"param\":\"416681193\",\"goto\":\"av\",\"desc\":\"42弹幕\",\"play\":6525,\"danmaku\":42,\"reply\":66,\"favorite\":81,\"coin\":53,\"share\":18,\"like\":782,\"duration\":205,\"idx\":1614423391,\"cid\":299432538,\"tid\":218,\"tname\":\"喵星人\",\"tag\":{\"tag_id\":18188315,\"tag_name\":\"把“牛”字打在公屏上\",\"count\":{\"atten\":1323}},\"dislike_reasons\":[{\"reason_id\":4,\"reason_name\":\"UP主:野郎猫official\"},{\"reason_id\":2,\"reason_name\":\"分区:喵星人\"},{\"reason_id\":3,\"reason_name\":\"标签:把“牛”字打在公屏上\"},{\"reason_id\":1,\"reason_name\":\"不感兴趣\"}],\"ctime\":1613732411,\"autoplay\":1,\"mid\":699474662,\"name\":\"野郎猫official\",\"face\":\"http://i0.hdslb.com/bfs/face/16a9b983200364638035bdfe0816fff4feed21d4.jpg\",\"official\":{\"role\":2,\"title\":\"野郎猫official官方账号\"}}]","noScrollBar":"n1"},"ts":1614423410835}