{"options":{"check_for_updates":true,"comment":null,"compatopts_for_requires":true,"compat_wrappedjsobject":false,"compat_metadata":false,"compat_foreach":false,"compat_arrayleft":false,"compat_uW_gmonkey":false,"compat_forvarin":false,"noframes":null,"awareOfChrome":false,"run_at":null,"override":{"merge_connects":true,"merge_excludes":true,"merge_includes":true,"merge_matches":true,"orig_excludes":[],"orig_includes":["http*://www.pixiv.net*"],"orig_matches":["http://www.pixiv.net/"],"orig_noframes":true,"orig_run_at":"document-end","use_blockers":[],"use_connects":[],"use_excludes":[],"use_includes":[],"use_matches":[],"orig_connects":["i.pximg.net","i-f.pximg.net","i-cf.pximg.net"]}},"settings":{"enabled":true,"position":2},"meta":{"name":"Pixiv Plus","uuid":"4ab27d71-496b-497b-ae98-0d4d121d74ec","modified":1614394430842,"file_url":"https://greasyfork.org/scripts/34153-pixiv-plus/code/Pixiv%20Plus.user.js"}}