{"data":{"MO":"btrue","classLib":"s{\"userIcon\":\"_2fj9Unu\",\"rightColumn\":\"_3czssV0\",\"coverTexture\":\"_3HZmrVs\",\"alertContainer\":\"_3Dfo7Ik\",\"guideWrapper\":\"_2bRqKIN\",\"title\":\"_37iAsme\",\"guide\":\"_3Rgrs84\",\"example\":\"_33vm4dr\",\"fromMenuExample\":\"_1ZFHMaJ\",\"fromFormExample\":\"_12sX48C\",\"text\":\"_3e9LmzB\",\"_icon-dot\":\"_2Aoc_gl\",\"twoColumnGuide\":\"_3e7qfQ6\",\"guideColumn\":\"B4L3P7M\",\"recommendUser\":\"yEc3uwM\",\"carousel\":\"_20agXAZ\",\"userContainer\":\"_2yylXfE\",\"userMetaContainer\":\"_3mCVmva\",\"userIconContainer\":\"_1lLMJwb\",\"userNameContainer\":\"_1q_r8qX\",\"userName\":\"_3rAXFlb\",\"followButtonContainer\":\"gCMR0Ql\",\"thumbnail\":\"_1mTBtzo\",\"thumbnailContainer\":\"_1eVhm-s\",\"novel\":\"_1LWtdWB\",\"muted\":\"_3Idxm13\",\"current\":\"_2igrhO_\",\"mutedText\":\"xiCXFwU\",\"container\":\"_1bs7q5r\",\"header\":\"_2hdvAN9\",\"settingsLink\":\"_3xr_MIf\",\"filter\":\"_3rfhTDm\",\"scrollArea\":\"_3GwE2bw\",\"notificationList\":\"wPIPSLE\",\"staticNotifications\":\"_3RSwoyV\",\"staticNotificationIcon\":\"TtPqxBZ\",\"loadingArea\":\"_1ZUF7if\",\"nothing\":\"_3u4RRsY\",\"footer\":\"_1JQS55p\",\"button\":\"_3cpFpxB\",\"forceBubbling\":\"_1AoIHyR\",\"alt\":\"_13AKdip _5mN8dCp\",\"bright\":\"_39qCkZF\",\"inverted\":\"hVNnxaE\",\"primary\":\"_3B7Cowe _5mN8dCp\",\"linkLike\":\"_2sBIka8 _5mN8dCp\",\"spaLinkLike\":\"TWBR74b _2sBIka8 _5mN8dCp\",\"danger\":\"_1_kf3PT _5mN8dCp\",\"overlayHighContrast\":\"_1iHJE0S _5mN8dCp\",\"big\":\"_3zY8SRn\",\"middle\":\"_1cKNqb6\",\"wide\":\"ULxgh1f\",\"grow\":\"_359Ch0Z\",\"icon\":\"_2tvsi_4\",\"item\":\"_1QmZ6KR\",\"unread\":\"_3O_RK-8\",\"link\":\"_3K1dE-q\",\"contentContainer\":\"_2m5bp7e\",\"name\":\"_2Rrta8C\",\"date\":\"_4i97mGm\",\"fanboxSubscribingBadge\":\"DV8dhN3\",\"officialBadge\":\"_4T8aCj2\",\"systemBadge\":\"_2gQBnYr\",\"wrapper\":\"_3AdmSAL\",\"widgets\":\"_3rM-IcV\",\"externalCounter\":\"_3LI3Tw-\",\"input\":\"eB12NlJ\",\"invalid\":\"_3H6MkWb\",\"transparent\":\"_1Kld3H1\",\"horizontalResize\":\"_3FMZEHa\",\"autoHeight\":\"_1sl7nvM\",\"doubleSpaced\":\"_1yJS1S0\",\"fullHeight\":\"_2Spd3Ei\",\"new\":\"_3ZgfrP0\",\"highlight\":\"_13AeXhF\",\"content\":\"_3hCpw86\",\"profile\":\"_2ORWDvJ\",\"carouselContainer\":\"FXNfU11\",\"itemsContainer\":\"JCS9KYp\",\"buttonContainer\":\"_3c00Tgc\",\"right\":\"_3rPKAQe\",\"left\":\"_3DGypbN\",\"cardContainer\":\"ygIh4Zm\",\"notificationCard\":\"_2DOXLsD\",\"cardEnter\":\"_39NneQ-\",\"cardEnterActive\":\"_12bFru4\",\"cardExit\":\"_3Zi-eNr\",\"cardExitActive\":\"cQtz3hp\",\"body\":\"_3zxP7MV\",\"aside\":\"_14eBILd\",\"rightAside\":\"wn2QTvb\",\"topAlign\":\"JS7yc-d\",\"section\":\"_3wSUFQr\",\"titleWrapper\":\"W4Kqq5D\",\"badge\":\"gIQPMxV\",\"auxLabel\":\"_1cpR9Ar _2rZ4Srb\",\"detailsButton\":\"_2Z6Ve4k\",\"detailsButtonLink\":\"_2Ogpdnj\",\"messageList\":\"_3MmvDhi\",\"strokedSymbol\":\"_8uWITTB\",\"red\":\"_3ohT5Oz\",\"filledSymbol\":\"_2G4LTG2\",\"backgroundCircle\":\"_2HwW4Tj _8uWITTB\",\"background\":\"_3OyQCf1\",\"flex\":\"_1B39HTK\",\"dark\":\"_3p7hYgw\",\"white\":\"_2_f1euz\",\"classic\":\"rwu0fL9\",\"titleAndMuteItemCountWrapper\":\"_3Qrw44c\",\"muteItemCount\":\"_3hvoU2e\",\"full\":\"t1SHEpP\",\"premiumBannerWrapper\":\"_2oGmuOy\",\"RecommendUsers\":\"_2unUnvm\",\"closeButtonContainer\":\"_1dPIVMz\",\"closeButton\":\"_2WGe8_e\",\"moduleAppear\":\"_2fTJwFe\",\"moduleAppearActive\":\"_3zQpfmU\",\"slide-in\":\"TQfD2JG\",\"moduleExit\":\"_2ThkRlE\",\"moduleExitActive\":\"_1aLoVhd\",\"slide-out\":\"_2lCYi41\",\"followButton\":\"_37g0Gc_\",\"simple\":\"_1aNIkE8\",\"usersContainer\":\"_2P4N8g1\",\"itemEnter\":\"_2ljdz3i\",\"itemEnterActive\":\"_1HatZV2\",\"itemExit\":\"_2DFKxoG\",\"itemExitActive\":\"-BBGcNi\",\"circleSpinner\":\"_13IZ4oR\",\"animation\":\"_2t3TQ_F\",\"scaleout\":\"_2Vl2YZ3\",\"crossIcon\":\"MVHW-ib\",\"fadeInAppear\":\"_2ui1H3-\",\"fadeInAppearActive\":\"boK0i4v\",\"slideEnter\":\"_3Krry6M\",\"slideEnterActive\":\"_1QINiOn\",\"slideExit\":\"_1k6NTGv\",\"slideExitActive\":\"_1aHKAlB\",\"description\":\"_1M0lKVU\",\"id\":718,\"#%(order) は投稿されていません\":\"#%(order) was not posted\",\"#%(tag)のブックマーク\":\"#%(tag) bookmarks\",\"#%(tag)の作品\":\"#%(tag) works\",\"$1 件\":\"$1 results\",\"$1/$2ページ\":\"page $1/$2\",\"$1さん\":\"$1\",\"$1に失敗しました。時間を置いて再度お試しください。\":\"An error occurred ($1). Please try again later.\",\"$1ページへ\":\"To page $1\",\"$1ページ目にしおりをはさむ\":\"Bookmark clipped at $1\",\"$1ページ目にしおりをはさんでいます\":\"You have clipped a bookmark on page $1\",\"$1件の更新があります\":\"There are $1 new updates.\",\"%(allBalance)ポイント持っています\":\"You now own %(allBalance) points.\",\"%(bookmark)%(text:しました)\":\"%(text:You) %(bookmark) %(text:this work)\",\"%(bookmark)%(text:を編集)\":\"%(text:Edit) %(bookmark)\",\"%(chargedAmount)ポイント購入しました！\":\"%(chargedAmount) points purchased!\",\"%(count) 文字\":\"%(count) characters\",\"%(date)のお題は「%(name)」\":\"%(date)'s theme is \\\"%(name)\\\"\",\"%(date)更新\":\"Updated on %(date)\",\"%(day) %(hour)に予約投稿する\":\"Schedule post for %(day), %(hour)\",\"%(expiredDatetime)に%(balance)ポイント失効します\":\"%(balance) points will expire on %(expiredDatetime)\",\"%(guideline:翻訳提案利用規約)に同意する\":\"Agree to %(guideline:translation suggestions terms of service)\",\"%(heart)を編集\":\"Edit %(heart)\",\"%(hour)\":\"%(hour) JST\",\"%(lang)名を提案する\":\"Suggest %(lang) name\",\"%(link:ガイドライン)の投稿禁止作品に該当する画像が指定されているため、カバー設定は無効化されています\":\"This cover was removed because it violates our %(link:Guidelines).\",\"%(link:ガイドライン)の投稿禁止作品に該当する画像が指定されているため、カバー設定は無効化されています。\":\"This cover was removed because it violates our %(link:Guidelines).\",\"%(link:サポートしているブラウザー)をご利用ください\":\"Please use one of the %(link:supported browsers)\",\"%(months)ヶ月\":\"%(months) month(s)\",\"%(months)ヶ月ごとに%(price)円を請求いたします。\":\"You will be charged %(price)JPY every %(months) month(s).\",\"%(name)で使用できるポイント\":\"Points you can use on %(name)\",\"%(name)のBOOTH\":\"%(name)'s BOOTH\",\"%(name)のイラスト・マンガ作品\":\"%(name)'s illustrations/manga\",\"%(name)の作品を投稿する\":\"Post a work about %(name)\",\"%(name)の新着作品\":\"See new works about %(name)\",\"%(pageCount)枚すべて見る\":\"See all %(pageCount) pages\",\"%(percentage)%割引\":\"%(percentage)% Discount\",\"%(point)ポイント\":\"%(point) points\",\"%(price)円\":\"%(price) Yen\",\"%(tag)のブックマーク\":\"%(tag) bookmarks\",\"%(textCount)文字\":\"%(textCount) characters\",\"%(total) 作品\":\"%(total) works\",\"%(user)さんからあなたのコメントに返信がありました！\":\"%(user) replied to your comment!\",\"%(user)さんが%(entryTitle)にコメントしました！\":\"%(user) commented on %(entryTitle)!\",\"%(user)さんが追加\":\"Added by %(user)\",\"%(userName)が追加\":\"Added by %(userName)\",\"%(userName)さんがお絵描き配信をしています\":\"%(userName) is LIVE!\",\"%(userName)さんにマイピク申請します\":\"You will send a My pixiv request to %(userName)\",\"%(userName)さんをフォローしていることを秘密にします\":\"Follow %(userName) anonymously\",\"%(width)px × %(height)px\":\"%(width)px × %(height)px\",\"%(width)px × %(height)px以上\":\"More than %(width)px × %(height)px\",\"%(width)px × %(height)px以下\":\"Less than %(width)px × %(height)px\",\"%(widthMin)px × %(heightMin)px 〜 %(widthMax)px × %(heightMax)px\":\"%(widthMin)px × %(heightMin)px ~ %(widthMax)px × %(heightMax)px\",\"%(year)年%(month)月%(day)日に購読開始：\":\"Subscribed from %(year)/%(month)/%(day):\",\"18歳未満の方には表示できません\":\"Users under 18 can't display this\",\"1ヶ月\":\"1 month\",\"1年間\":\"One Year\",\"1番人気の作品を一発検索！%(br)1日、1週間、1ヶ月の期間で絞り込むこともできます。\":\"The most popular works are one click away! %(br)You can search popular works of the last day, week or month. \",\"1週間\":\"A week ago\",\"24時間\":\"24 Hours\",\"3・6・12ヶ月プランから1ヶ月プランへの変更はできません。\":\"You can't switch to a monthly plan from 3, 6 or 12-months plans.\",\"3・6・12ヶ月プランは、クレジットカードとPayPalのお支払いのみご利用できます。\":\"Only payments by credit card or PayPal are available for 3, 6 and 12 months plans.\",\"3・6・12ヶ月プランをリリース！\":\"3, 6 and 12-months plans are now available!\",\"8月追加予定\":\"To be added in August\",\"<a href=\\\"https://sketch.pixiv.net/?utm_source=pixiv_whitecube&amp;utm_campaign=profile&amp;utm_medium=profile\\\" target=\\\"_blank\\\">pixiv Sketch</a>では落書きや描き途中の絵などを気軽に共有できます！\":\"With <a href=\\\"https://sketch.pixiv.net/?utm_source=pixiv_whitecube&amp;utm_campaign=profile&amp;utm_medium=profile\\\" target=\\\"_blank\\\">pixiv Sketch</a> you can share your sketches and WIPs! \",\"<a href=\\\"https://sketch.pixiv.net/settings?utm_source=pixiv_whitecube&amp;utm_campaign=profile&amp;utm_medium=profile#pixiv-connect\\\" target=\\\"_blank\\\">pixiv Sketchの設定ページ</a>で、このタブの表示・非表示を変更できます。\":\"From <a href=\\\"https://sketch.pixiv.net/settings?utm_source=pixiv_whitecube&amp;utm_campaign=profile&amp;utm_medium=profile#pixiv-connect\\\" target=\\\"_blank\\\">pixiv Sketch settings page</a> you can choose to show or hide a tag. \",\"<a href=“https://www.pixiv.net/” target=“_blank” rel=“noopener”>翻訳提案利用規約</a>に同意する\":\"Agree to <a href=“https://www.pixiv.net/” target=“_blank” rel=“noopener”>translation suggestions terms of service</a>\",\"<i class=\\\"_pico-20 _icon-like\\\"></i>しているユーザー\":\"Users who <i class=\\\"_pico-20 _icon-like\\\"></i> this\",\"<i class=\\\"_pico-20 _icon-like\\\"></i>してタグをつける\":\"<i class=\\\"_pico-20 _icon-like\\\"></i> and add a tag\",\"<i class=\\\"_pico-20 _icon-like\\\"></i>にタグをつける\":\"Add a tag to <i class=\\\"_pico-20 _icon-like\\\"></i>\",\"<i class=\\\"_pico-20 _icon-like\\\"></i>を解除\":\"Remove <i class=\\\"_pico-20 _icon-like\\\"></i>\",\"<span>$1</span>さん、<span>$2</span>さんがあなたをフォローしました。\":\"<span>$1</span> and <span>$2</span> are now following you.\",\"<span>$1</span>さんから<span>「$2」</span>のメッセージが届きました。\":\"<span>$1</span> sent a message to you: <span>\\\"$2\\\"</span>\",\"<span>$1</span>さんから<span>「$2」</span>へのイメージレスポンスが届きました。\":\"<span>$1</span> sent an image response request on <span>\\\"$2\\\"</span>.\",\"<span>$1</span>さんからマイピク申請が届きました。\":\"You received a My pixiv request from <span>$1</span>.\",\"<span>$1</span>さんが<span>$2 [R-18]</span>をBOOTHで販売開始しました。\":\"<span>$1</span>started selling <span>$2 [R-18]</span> on BOOTH.\",\"<span>$1</span>さんが<span>「$2」</span>で記事を公開しました\":\"<span>$1</span> has posted an article at <span>「$2」</span>\",\"<span>$1</span>さんがpixiv Sketchを始めました！\":\"<span>$1</span> started drawing on pixiv Sketch!\",\"<span>$1</span>さんがあなたの<span>コメント</span>に返信しました。\":\"<span>$1</span> replied to <span>your comment</span>.\",\"<span>$1</span>さんがあなたのマイピク申請を承認しました。\":\"<span>$1</span> sent you a My pixiv request.\",\"<span>$1</span>さんがあなたをフォローしました。\":\"<span>$1</span> is now following you.\",\"<span>$1人</span>のユーザーが<span>「$2」</span>にコメントしました。\":\"<span>$1</span> user(s) commented on <span>\\\"$2\\\"</span>.\",\"<span>$1人</span>以上のユーザーが<span>「$2」</span>をすき！しました。\":\"<span>$1</span> user(s) liked <span>\\\"$2\\\"</span>.\",\"<span>$1人</span>以上のユーザーが<span>「$2」</span>をブックマークしました。\":\"Over $1 users bookmarked your work, <span>\\\"$2\\\"</span>.\",\"<span>$2</span>さんと他<span>$1人</span>のユーザーがあなたをフォローしました。\":\"<span>$2</span> and other <span>$1 user(s)</span> are now following you.\",\"<span>「$1」</span>が$2いいね！されました。\":\"<span>「$1」</span> has $2 Likes\",\"<span>「$1」</span>が$2で<span>$3位</span>にランクインしました。\":\"<span>\\\"$1\\\"</span> has entered rank no.<span>$3</span> on the $2 ranking board!\",\"<span>「$1」</span>が$2で<span>$3位</span>にランクインしました！ おめでとうございます！\":\"<span>\\\"$1\\\"</span> ranked <span>$3</span> in the $2 ranking! Congratulations!\",\"<span>「$1」</span>が<span>$2</span>いいね！されました。\":\"<span>「$1」</span> has <span>$2</span> Likes\",\"<span>「$1」</span>が<span>$2</span>人のユーザーにいいね！されました。\":\"<span>\\\"$1\\\"</span>was liked by <span>$2</span> users.\",\"<span>「$1」</span>に<span>$2</span>タグが追加されました。\":\"The <span>$2</span> tag has been added to <span>\\\"$1\\\"</span>.\",\"<span>「$1」</span>に■<span>$2</span>タグが追加されました。\":\"<span>\\\"$1\\\"</span>was tagged ■<span>$2</span>.\",\"<span>「$1」</span>の評価点数が<span>$2点</span>を超えました。\":\"<span>\\\"$1\\\"</span> has received over <span>$2</span> stars.\",\"Androidアプリ\":\"Android app\",\"BOOTHで買う\":\"Purchase on BOOTH\",\"BOOTHアイテム\":\"Booth Items\",\"Enterで送信、Shift+Enterで改行\":\"Press Enter to send, Shift+Enter to start a new line\",\"JPEGに変換されます\":\"The format will be changed to JPEG\",\"LINEで送る\":\"Share on LINE\",\"MM月D日\":\"MM/D\",\"OK\":\"OK\",\"Pawooでシェア\":\"Share on Pawoo\",\"R-18\":\"R-18\",\"R-18G作品は非表示に設定されています\":\"You disabled R-18G contents\",\"R-18と%(link:ガイドライン)の投稿禁止作品に該当する画像を指定することはできません。アップロードされた場合、設定を無効化することがあります。\":\"Please do not use R-18 illustrations or works violating the %(link:Guidelines). Uploads belonging to either category will be removed.\",\"R-18作品は表示できません\":\"R-18 works cannot be displayed.\",\"R-18作品は非表示に設定されています\":\"You disabled R-18 contents\",\"Twitterにも投稿する\":\"Post also on Twitter\",\"Twitterへの同時投稿に失敗しました。お手数ですが、投稿完了画面のシェアボタンから投稿をお願いします。\":\"Failed to post on Twitter. Please try again by using the share button on the post page after you're done submitting it.\",\"Twitterへの同時投稿は公開作品のみできます\":\"Only public works can be posted on Twitter simultaneously.\",\"Twitterへ同時投稿ができるようになりました\":\"You can now post on Twitter at the same time\",\"Twitter同時投稿の連携を解除しますか？\":\"Delete Twitter linkage?\",\"Twitter連携に失敗しました\":\"Failed to link Twitter\",\"URLへのリンクを追加\":\"Add URL\",\"VISA、Mastercardがご利用いただけます\":\"Visa or Mastercard cards accepted.\",\"iOSアプリ\":\"iOS app\",\"pixiv Androidアプリ\":\"pixiv Android app\",\"pixiv Sketch LIVEのリワードと交換\":\"Exchange with pixiv Sketch LIVE Rewards\",\"pixiv Sketchでもっと見る\":\"View more on pixiv Sketch\",\"pixiv Sketchで投稿した作品\":\"Works posted on pixiv Sketch\",\"pixiv iOSアプリ\":\"pixiv iOS app\",\"pixivからデスクトップ通知が届くようになりました\":\"You can now receive pixiv notifications on your desktop.\",\"pixivから通知が届くようになりました\":\"You can now receive notifications from pixiv\",\"pixivでは今後の開発の参考にするため、フィードバックを募集しています。%(br)あなたが使っていて感じたこと、見つけた問題をお寄せください。%(br)いただいた内容すべてに返信することはできませんが、開発メンバーみんなで目を通しています。\":\"We're collecting feedback to make pixiv even better.%(br)If you have any comments or if you found any problems, please contact us.%(br)We may not be able to reply every message we receive, but we promise you that our team will go through every single message.\",\"pixivの作品を検索\":\"Search works on pixiv\",\"pixivはお使いのブラウザー（Internet Explorer）には対応していません。%(br)Google Chromeなどをご利用ください。\":\"pixiv is not compatible with your browser (Internet Explorer). %(br)Please use Google Chrome instead.\",\"pixivを検索\":\"Search pixiv\",\"pixivアカウントを作成すると使えるようになります。\":\"Access this function by creating a pixiv account.\",\"pixivコミック\":\"pixiv Comic\",\"pixivコミックで\":\"On pixiv Comic\",\"pixivコミックで「いいね！」した作品の更新がありました。\":\"The comic you liked on pixiv Comic has been updated.\",\"pixivノベルで\":\"On pixiv Novel\",\"pixivプレミアム\":\"Premium member\",\"pixivプレミアムで作品をブックマーク数ごとに絞り込み表示できます\":\"pixiv Premium allows you to filter by how many bookmarks a work has received.\",\"pixivプレミアムなら、アップロードした表紙を何度でも変更することができます。\":\"pixiv Premium members can upload the cover page after submitting a novel.\",\"pixivプレミアムなら、小説の予約投稿ができます。\":\"pixiv Premium members can now schedule novel submissions.\",\"pixivプレミアムなら、投稿後も自分がアップロードした表紙画像を差し替えることができます\":\"With pixiv Premium, you can upload your own cover image even after posting your work.\",\"pixivプレミアムなら、編集時に自分がアップロードした表紙画像を差し替えることができます\":\"With pixiv Premium, you can upload your own cover image while editing your submission.\",\"pixivプレミアムなら人気の作品がすぐにみつかる！\":\"You can quickly find popular works in pixiv Premium!\",\"pixivプレミアムなら検索したタグの作品を人気順で見ることができます！\":\"With pixiv Premium, you can order your searched tags and works by popularity!\",\"pixivプレミアムになる\":\"Become a pixiv premium member\",\"pixivプレミアムに登録\":\"Register to pixiv Premium\",\"pixivプレミアムに登録する\":\"Register to pixiv Premium\",\"pixivプレミアムユーザーになると$1件までミュートできるようになります。\":\"By becoming a Premium user, you can mute up to $1 elements.\",\"pixivプレミアムユーザーはフォローユーザーをフォルダーに分けて整理できます。%(br)メモとして利用したり、フォローごとに新着作品を絞り込めるようになります。%(br)フォルダーとその内容は他人から見られることはありません。\":\"Premium members can organize the users they follow into folders. %(br)You can use this as a memo function, or to narrow down new submissions. %(br)Your folders and their contents are invisible to other users.\",\"pixivプレミアム会員になると2件以上ミュートできるようになります。\":\"If you become pixiv premium member, you can mute more than 2 results.\",\"pixivプレミアム限定の機能です\":\"This feature is only available to pixiv Premium members\",\"pixivポイント\":\"pixiv Points\",\"pixivポイントについて\":\"About pixiv Points\",\"pixivポイントは、<strong>1タグ1日100pp</strong>から設定が可能です\":\"To set a tag, <strong>100pp</strong> are required per day\",\"※イメージレスポンスを設定した場合、予約投稿はご利用いただけません。\":\"* If you set the \\\"image response\\\" function, you won't be able to schedule your post.\",\"≫ もっと見る\":\">> See more\",\"「%(entryTitle)」が%(count)人にいいねされました\":\"%(entryTitle) was liked by %(count) users!\",\"「%(word)」の%(br)人気作品が見つかる！\":\"Search popular works %(br)about \\\"%(word)\\\"!\",\"「未分類」はタグとして登録できません。\":\"You cannot use \\\"未分類\\\" as a tag.\",\"『<span>$1</span>』が更新されました。\":\"\\\"<span>$1</span>\\\" has been updated.\",\"『<span>$1</span>』が発売されました。\":\"\\\"<span>$1</span>\\\" is now on sale!\",\"『<span>$1</span>』と『<span>$2</span>』が更新されました。\":\"\\\"<span>$1</span>\\\" and \\\"<span>$2</span>\\\" have been updated.\",\"『<span>$1</span>』と『<span>$2</span>』が発売されました。\":\"\\\"<span>$1</span>\\\" and \\\"<span>$2</span>\\\" are now on sale!\",\"『<span>$1</span>』と『<span>$2</span>』と<span>他$3件</span>が更新されました。\":\"\\\"<span>$1</span>\\\", \\\"<span>$2</span>\\\" and <span>other $3</span> items have been updated.\",\"『<span>$1</span>』と『<span>$2</span>』と<span>他$3件</span>が発売されました。\":\"\\\"<span>$1</span>\\\",  \\\"<span>$2</span>\\\" and <span>other $3</span> items are now on sale!\",\"【sensei】実践編講座のお試し期間が$1で終了します！実践編講座の視聴は<span>こちら</span>から。\":\"Your \\\"sensei\\\" video illustration tutorials trial is going to be over in $1 days! Watch the video <span>here</span>.\",\"【sensei】新しく「$1」コースが追加されました！動画の視聴は<span>こちら</span>から。\":\"The new \\\"sensei\\\" video course \\\"$1\\\" was added! You can watch the video <span>here</span>.\",\"【エラー: 1ページ内に挿入できる挿絵タグは1つまでです】\":\"Error: You may only use one illustration per page\",\"【エラー: 小説内リンクに指定できないページです】\":\"Error: You cannot link to this page in the novel\",\"【クレカ/PayPal限定】\":\"[Credit card/PayPal-only]\",\"【クレカ/PayPal限定】%(br)3・6・12ヶ月プランをリリース！%(br)移行すると月額料金が今よりお得に！\":\"[Credit card/PayPal-only]%(br)3, 6 and 12-months plans are now available!%(br)Switch plans and save money!\",\"あと%(count)アイテム追加できます\":\"You can add %(count) more item(s)\",\"あなた\":\"You\",\"あなたが削除\":\"Deleted by you\",\"あなたが追加\":\"Added by you\",\"あなたのつけたタグ、編集不可に設定したタグは変更されません。%(br)タグが変更された際には通知が届きます。\":\"The tags you added and the tags you set as \\\"non editable\\\" cannot be changed. %(br) You will be notified when someone edits the tags.\",\"あなたのつけたタグ、編集不可に設定したタグは変更されません。<br>タグが変更された際には通知が届きます。\":\"The tags you added and the tags you set as \\\"non editable\\\" cannot be changed. <br> You will be notified when someone edits the tags.\",\"あなたのつけたタグ、編集不可に設定したタグは変更されません。他のユーザーによってタグが編集された際には通知が届きます\":\"Tags you added and tags set to non-editable cannot be changed. A notification will be sent when tags are edited by other users.\",\"あなたのコメントが%(count)人にいいねされました\":\"%(count) users liked your comment!\",\"あなたの閲覧設定によりこのFANBOXを表示できません。\":\"Due to your browsing settings, you're not allowed to view this FANBOX.\",\"あなたの閲覧設定によりこの画像を表示できません。\":\"This image cannot be displayed due to your browsing settings\",\"あなたの閲覧設定によりこの記事を表示できません。\":\"Due to your browsing settings, you're not allowed to see this article.\",\"あらすじ\":\"Summary\",\"ありがとうございました！\":\"Thank you very much!\",\"いいね！\":\"Like\",\"うごくイラスト\":\"Ugoira (Moving Illustrations)\",\"うごイラは\\n追加できません\":\"Ugoira\\ncannot be added\",\"おくる\":\"Send\",\"おすすめのアイテムを%(br)ピックアップに追加しよう\":\"Add recommended items%(br)to Featured\",\"おすすめタグ\":\"Recommended tags\",\"おすすめユーザー\":\"Recommended Users\",\"おすすめ作品\":\"Recommended Works\",\"お使いのブラウザーはサポートされていません\":\"The browser you're using is not supported\",\"お使いのブラウザーはサポートされていません。%(link:サポートしているブラウザー)をご利用ください\":\"The browser you're using is not supported. Please use one of the %(link:supported browsers)\",\"お届け内容\":\"Featured Content\",\"お得な3・6・12ヶ月プランへの変更はこちらから\":\"Click here to switch to convenient 3, 6 and 12-months plans!\",\"こちらからお得なプランに変更できます\":\"Click here to switch to the new value plans\",\"こちらから契約期間を変更できます\":\"Change your contract period from here\",\"こちらのユーザーもおすすめです\":\"Check out more recommended users\",\"このアンケートには回答できません。\":\"You cannot respond to this poll.\",\"このタグを削除しますか?\":\"Delete this tag?\",\"このページでは、ミュートしたユーザーの削除ができます。\":\"From this page, you can delete muted users.\",\"このページでは、ミュートするタグの設定ができます。\":\"On this page, you can set the tags to mute.\",\"このページでは、ミュートするタグの追加と削除ができます。\":\"From this page, you can add or delete tags you want to mute.\",\"このページでは、ミュートするユーザーの設定ができます。\":\"On this page, you can set the users to mute.\",\"このページにしおりをはさむ\":\"Clip a bookmark on this page\",\"このボタンを押すと、この作品と似ている作品が追加で表示されます\":\"Click this button to find more artworks similar to this one!\",\"この作品「%(title)」は%(tags)等のタグがつけられた作品です。\":\"This work \\\"%(title)\\\" is tagged %(tags).\",\"この作品にはコメントできません。\":\"You cannot comment on this work.\",\"この作品にはスタンプできません\":\"You cannot reply with a sticker to this work.\",\"この作品にはスタンプできません。\":\"You cannot add a sticker on this work. \",\"この作品にタグは追加できません。\":\"You cannot tag this work.\",\"この作品のすき！は編集できません。\":\"You cannot edit the Like! on this work.\",\"この作品のタグは、作者以外のユーザーも編集できます\":\"The tags for this post can be edited by other users.\",\"この作品のタグはみんなが編集できます\":\"Anyone can edit the tag for this work\",\"この作品のタグは作者以外のユーザーも編集できます\":\"Everyone can edit this post tags\",\"この作品のタグは削除できません。\":\"You cannot delete the tags for this work.\",\"この作品のタグ編集をみんなに許可\":\"Approve edit to the tag for this work\",\"この作品はすき！できません。\":\"You cannot Like! this work.\",\"この作品は非公開です\":\"This post is private\",\"この作品を%(date) %(time)に投稿しますか？\":\"Post this work on %(date), %(time)?\",\"この作品をシェア\":\"Share this post\",\"この作品をベースに作られた作品\":\"Submissions based on this work\",\"この続きを見るには？\":\"How can I read the rest?\",\"この記事は有料記事（バックナンバー）です。%(br)個別での記事購入が必要です。\":\"This article features paid content (back issues). %(br) Please purchase this item separately.\",\"これまではどのように利用されていましたか？\":\"How did you use the function up until now?\",\"ご意見・ご要望をご記入ください\":\"Please write your opinion/requests\",\"さまざまな年齢のユーザーにご覧いただくため、R-18イメージを設定することはできません。\":\"Please make sure your cover is suitable for users of all ages.\",\"さらに期間ごとやブックマーク数の絞り込み検索も可能！\":\"You can also search by period and by number of bookmarks!\",\"しおりはまだはさまれておりません\":\"No bookmarks found\",\"しおりをはずす\":\"Remove bookmark\",\"すき！してタグをつける\":\"Like! and tag\",\"すき！な作品\":\"Liked posts\",\"すき！にタグをつけて整理できます。%(br)コレクションから探しやすいように分類したり、作品をテーマ別にまとめてみんなに共有しましょう\":\"You can manage your liked posts by adding tags.%(br)You can categorize them to make them easier to find in your collection, divide them by theme and share them with other users!\",\"すき！にタグをつけて整理できます。<br>コレクションから探しやすいように分類したり、作品をテーマ別にまとめてみんなに共有しましょう\":\"You can manage your liked posts by adding tags.<br>You can categorize them to make them easier to find in your collection, divide them by theme and share them with other users!\",\"すき！にタグをつける\":\"Tag your Like!\",\"すき！の保存に失敗しました。\":\"An error occurred attempting to Like! this work.\",\"すき！の削除に失敗しました。\":\"An error occurred attempting to erase your Like!\",\"すき！の解除に失敗しました。\":\"Failed to remove Like!\",\"すき！の追加に失敗しました。\":\"An error occurred attempting to Like! this work.\",\"すき！をはずす\":\"Remove Like!\",\"すき！を編集\":\"Edit your Like!\",\"すき！を解除\":\"Remove Like!\",\"すべて\":\"All\",\"すべてのコメントを見る\":\"See all comments\",\"すべての制作ツール\":\"All production tools\",\"すべての期間\":\"All time\",\"すべての縦横比\":\"All aspect ratios\",\"すべての解像度\":\"All resolutions\",\"すべての返信を見る\":\"See all replies\",\"すべての通知を表示\":\"Show all notifications\",\"すべて既読にしますか？\":\"Mark all as read?\",\"すべて表示\":\"View all\",\"すべて見る\":\"See all\",\"その他\":\"Other\",\"その他のご意見・ご要望\":\"Other opinions/requests\",\"どういうバグが起きましたか？\":\"What kind of bug occurred?\",\"どのような時に困っていますか？\":\"What are your issues?\",\"どんな新機能追加・機能変更を行いたいですか？\":\"What new functions would you like to add or what changes would you like to make?\",\"なし\":\"None\",\"はじめから見る\":\"Start from the beginning\",\"ふりがな\":\"Furigana\",\"まだポイントを使用したことがありません\":\"You haven't used any points yet.\",\"まだポイントを購入したことがありません\":\"You haven't purchased points yet.\",\"まだ見ていないフォロー新着作品がある場合には、こちらのブラウザでpixivを開いていなくても通知が届くようになります。%(br)「通知を受け取る」をクリックしたあとにブラウザの通知設定を許可してください\":\"You can receive a notification from pixiv every time a new work is posted even if pixiv isn't open in your browser. %(br)After clicking on \\\"Receive notifications\\\", please allow notifications from your browser notification settings.\",\"みんなにタグの編集を許可\":\"Allow other users to edit the tags\",\"みんなの新着\":\"Latest from Everyone\",\"もっと見る\":\"View more\",\"やめとく\":\"Cancel\",\"よかったところ、面白かったところをコメントしよう\":\"Tell the author what you like about this work!\",\"わかった\":\"Got it\",\"アイテム\":\"Item\",\"アイテムがありません\":\"No items yet\",\"アイテムを見る\":\"View item\",\"アイテムを追加\":\"Add item\",\"アイテムを追加・削除\":\"Add/remove items\",\"アイテムを選択\":\"Select item\",\"アカウントを作成\":\"Create account\",\"アップロードされた画像や表示されるデバイスによって、上下左右がクロップされることがあります。\":\"Your cover image may be cropped depending on its size and the device where it's displayed.\",\"アップロードには時間が掛かることがあります。\":\"It may take some time to upload.\",\"アップロードに失敗しました\":\"Sorry! You failed to upload\",\"アンケート\":\"Questionnaire\",\"アンケートの回答の送信に失敗しました。\":\"An error occurred sending your poll response.\",\"イメージレスポンス\":\"Image response\",\"イメージレスポンスされたときに自動的に承認する\":\"Automatically accept Image Responses\",\"イメージレスポンスする作品のID / URL\":\"Image Response Work ID / URL\",\"イメージレスポンスの申請が%(count)件きています\":\"You have %(count) image response requests\",\"イラスト\":\"Illustrations\",\"イラストID\":\"Illustration ID\",\"イラストは\\n追加できません\":\"Illustrations\\ncannot be added\",\"イラストコミュニケーションサービス\":\"Online Artist Community\",\"イラスト・マンガ\":\"Illustration/Manga\",\"イラスト・マンガの新しいデザインに合わせてレイアウトを変更しました。従来に比べて表示速度も改善しています。\":\"We changed the layout of the Novels page to match with the recent design upgrades of the Illustrations and Manga pages. The new page also loads faster than the old one.\",\"イラスト・マンガ・うごくイラスト\":\"Illustrations, Manga, Ugoira (Moving Illustrations)\",\"イラスト・マンガ作品\":\"Illustrations/Manga\",\"イラスト作品\":\"Illustrations\",\"イラスト投稿数\":\"Illustrations\",\"ウェブ\":\"Web\",\"エントリーの取得に失敗しました\":\"Failed to retrieve entry\",\"オプション\":\"optional\",\"オリジナル\":\"Original\",\"オリジナル作品\":\"Original Work\",\"オートビューを止める\":\"Disable Auto-View\",\"オートビューモード\":\"Enable Auto-View\",\"カスタム\":\"Custom\",\"カテゴリーから探す\":\"Search by Category\",\"カテゴリータグ\":\"Category Tags\",\"カテゴリータグを設定するとカテゴリー一覧ページに掲載されます\":\"By setting a Category Tag, your submission will be featured on the category page.\",\"カバーを設定して自分だけのプロフィールページを作ろう\":\"Choose a cover and customize your profile!\",\"カバー画像のアップロード\":\"Upload your cover photo\",\"カバー画像の削除\":\"Delete your cover photo\",\"カバー画像の削除に失敗しました。時間を置いて再度試してください。\":\"Failed to set cover picture. Please try again in a while.\",\"カバー画像の設定に失敗しました。画像ファイルを確認して再度試してください。\\n詳細: $1\":\"Failed to set cover picture. Please check the image file once again.\\nDetails: $1\",\"カバー画像を削除\":\"Delete cover picture\",\"カバー画像を削除しますか？\":\"Delete cover picture?\",\"カバー画像を設定\":\"Set a cover picture\",\"カバー設定\":\"Cover Settings\",\"キャプション\":\"Description\",\"キャプションを書く\":\"Write a caption\",\"キャラクターの名前\":\"Character name\",\"キャンセル\":\"Cancel\",\"キーワード\":\"Keywords\",\"キーワードのいずれかを含む\":\"Include any of the keywords\",\"キーワードをすべて含む\":\"Include all keywords\",\"キーワードを含まない\":\"Exclude keywords:\",\"キーワードを追加\":\"Add keywords\",\"クリア\":\"Clear\",\"クリエイター\":\"Creator\",\"クリエイターの個性を表現できるようデザインを変更しました。\":\"Now you can fully express your personality as a creator.\",\"クレジットカード\":\"Credit Card\",\"クレジットカードで購入\":\"Pay with credit card\",\"グループ<span>「$1」</span>に<span>$2人</span>以上の参加申請があります。\":\"<span>$2</span> or more requested to join your group <span>\\\"$1\\\"</span>.\",\"グループ<span>「$1」</span>にあなたの作品が紹介されました。\":\"Group <span>\\\"$1\\\"</span> featured your work.\",\"グループ<span>「$1」</span>のあなたの投稿に<span>$2人</span>以上が「いいね！」と言っています。\":\"<span>$2</span> or more liked your post in the <span>\\\"$1\\\"</span> group.\",\"グループ<span>「$1」</span>のあなたの投稿に<span>$2件</span>以上のコメントがありました。\":\"Over <span>$2</span> user(s) commented on your post in the <span>\\\"$1\\\"</span> group.\",\"グループ<span>「$1」</span>の参加申請が承認されました。\":\"Your request to join group <span>\\\"$1\\\"</span> was accepted.\",\"コメント\":\"Comments\",\"コメントする…\":\"Leave a comment...\",\"コメントの削除に失敗しました\":\"Failed to delete comment\",\"コメントの送信に失敗しました。\":\"Failed to send a comment.\",\"コメントはまだありません\":\"No comments yet\",\"コメントやいいねをして、交流をしてみましょう。\":\"Let's get involved more by commenting and liking articles.\",\"コメントを入力\":\"Enter Comment\",\"コメントを削除しますか？\":\"Delete a comment?\",\"コレクションタグ\":\"Collection tag\",\"コンテスト指定タグが使用されているため、表紙がコンテスト表紙に置き換わります。\":\"Because you used the contest tag, the front cover will be replaced with the contest cover.\",\"コンテスト期間中のみ表示される専用表紙です。\":\"It's a cover page which is only displayed while the contest lasts.\",\"コンテスト期間中のみ表示される専用表紙です。コンテスト表紙は結果発表後にデフォルトの表紙に置き換わります。\":\"It's a cover page which is only displayed while the contest lasts. After the contest results are announced, the contest cover is replaced by the regular cover.\",\"コンテスト表紙とは\":\"What is the contest cover?\",\"コンテスト表紙は結果発表後にデフォルトの表紙に置き換わります。\":\"After the contest results are announced, the contest cover is replaced by the regular cover.\",\"コンビニ決済で購入\":\"Pay at a convenience store\",\"コンピュータ\":\"Computer\",\"ゴシック\":\"Gothic\",\"サイトは随時アップデートしていきます。%(br)また何かお気付きの点ありましたら、お気軽にフィードバックをお寄せください。\":\"The website will be updated from time to time. %(br) If you have any further questions, please do not hesitate to send us your feedback!\",\"サポートされていない画像の形式です。JPEG/PNG/GIFのいずれかで再度アップロードしてください。\":\"This format is not supported. Supported formats: JPEG/PNG/GIF\",\"シェア\":\"Share\",\"シナリオ・登場人物・設定等を含め、すべてを自身で創作した作品（一次創作）の場合は選択してください\":\"Select this option if everything in this work (the story, characters, setting, etc.) is your own original creation.\",\"シナリオ・登場人物・設定等を含め、すべてを自身で創作した場合は「一次創作」を、その他の場合は「二次創作」を選択してください\":\"If all the contents (scenario, characters, setting) were created by you, select \\\"Original\\\". In other cases, select \\\"Fan Fiction\\\".\",\"ショップ\":\"Shop\",\"ショーケース\":\"Showcase\",\"ショーケースを設定\":\"Showcase settings\",\"シリーズ\":\"Series\",\"シリーズ: %(name)\":\"Series: %(name)\",\"シリーズ「$1」を削除します。\\nシリーズ内の作品は削除されません。\":\"You're about to delete the series \\\"$1\\\".\\nSubmissions featured in the series will not be deleted.\",\"シリーズから外す\":\"Remove from series\",\"シリーズなし\":\"No Series\",\"シリーズにはマンガ作品のみ追加できます。\":\"Only manga submissions can be added to a series.\",\"シリーズの作品\":\"Series submissions\",\"シリーズの名前\":\"Series name\",\"シリーズの概要\":\"Series overview\",\"シリーズを削除\":\"Delete series\",\"シリーズを編集\":\"Edit series\",\"シリーズを追加\":\"Add series\",\"シリーズ一覧を見る\":\"View series list\",\"シリーズ作品では前後の作品へ移動できるリンクが追加されました。\":\"We also added links to jump to the previous and following parts of a series.\",\"シリーズ作品一覧\":\"Series INDEX\",\"シリーズ情報が取得できませんでした。ページを再読み込みしてください。\":\"Could not retrieve information about this series. Please reload the page.\",\"ジャンルは不問（オリジナルの一次創作のみ）、文芸小説に特化したネット文芸サイトです。\":\"It's a website dedicated to your original literary works, no matter their genre.\",\"スキャナー\":\"Scanner\",\"スタンプ\":\"Stickers\",\"スタンプの送信に失敗しました。\":\"Failed to send a sticker.\",\"スペース区切りで複数のキーワードを指定できます\":\"You can specify multiple keywords by separating them with a space\",\"スマートフォン版\":\"Smartphone version\",\"セキュリティチェック\":\"Security check\",\"センシティブな内容が含まれている可能性があるため表示できません\":\"This work cannot be displayed because it may contain sensitive content.\",\"センシティブな内容が含まれている可能性のある作品は一覧に表示されません\":\"Potentially sensitive contents will not be featured in the list.\",\"ソフト\":\"Software used\",\"タイトル\":\"Title\",\"タイトルで並び替える\":\"Sort by Title\",\"タイトル・キャプション\":\"Titles, Captions\",\"タイトル・タグで絞り込む\":\"Filter by title/tags\",\"タグ\":\"Tag\",\"タグ: %(name)\":\"Tags: %(name)\",\"タグの削除に失敗しました\":\"Failed to delete a tag\",\"タグの種類\":\"Tag type\",\"タグの翻訳を提案\":\"Suggest tag translation\",\"タグの解説はありません\":\"Tag explanation unavailable\",\"タグの追加に失敗しました\":\"Failed to add a tag\",\"タグの長さは$1文字までです。\":\"The tag must be at most $1 characters long.\",\"タグを入力してください\":\"Please Enter Tag(s)\",\"タグを入力してください。\":\"Please enter a tag.\",\"タグを検索\":\"Search tags\",\"タグを検索できませんでした。しばらく時間を置いてからもう一度試してください。\":\"Unable to find tags. Please try again later.\",\"タグを追加\":\"Add tag\",\"タグ・タイトル・キャプション\":\"Tags, Titles, Captions\",\"タグ名\":\"Name of a tag\",\"タグ検索からミュートするには、pixivプレミアムへの登録が必要です。\":\"You will need pixiv Premium to mute tags from \\\"Search Tags\\\".\",\"タグ（完全一致）\":\"Tags (perfect matching)\",\"タブレット\":\"Graphic tablet\",\"ツイート\":\"Tweet\",\"ツール\":\"Tools used\",\"ディスカバリー\":\"Discovery\",\"デスクトップ向けの表示に%(br)切り替えました\":\"You switched to the%(br)desktop version.\",\"デスクトップ通知\":\"Desktop notification\",\"デスクトップ通知を有効にする\":\"Activate desktop notifications\",\"デスクトップ通知を無効にする\":\"Deactivate desktop notifications\",\"デフォルトの背景色を設定する\":\"Set default background color\",\"デフォルトの表示を縦書きにする\":\"Display text vertically by default\",\"ネタバレなど、どうしても目にしたくない作品があった場合、作品の\":\"If you want to avoid spoilers or simply hide something, you can \\\"mute\\\" contents using the\",\"ネタバレ・閲覧注意な内容を含む可能性があります\":\"Might contain spoilers or sensitive contents\",\"ネタバレ・閲覧注意に設定されています\":\"You are hiding spoilers and sensitive contents\",\"バグが発生した環境を教えてください\":\"Please tell us the environment where the bug occurred.\",\"バグが起きたのは何をしている時ですか？\":\"What were you doing when the bug occurred?\",\"バグが起きたページ・機能を教えてください\":\"Please tell us the page/function where the bug occurred.\",\"バグの報告\":\"Bug Report\",\"バックナンバー\":\"Back Issue\",\"パソコン版\":\"PC version\",\"ビューアー\":\"Viewer\",\"ピクシブ文芸\":\"pixiv literature\",\"ピクシブ百科事典\":\"pixiv Encyclopedia\",\"ピックアップ\":\"Featured\",\"ピックアップを追加\":\"Add Featured\",\"ピックアップ設定\":\"Featured Settings\",\"ファイルサイズは32MB以下にしてください。\":\"Image size must be under 32MB\",\"ファン\":\"Fan\",\"フィルター\":\"Filters\",\"フィード\":\"Feed\",\"フィードで<span>$1</span>さんがあなたへコメントしました。\":\"<span>$1</span> commented on your Feed.\",\"フィードバックを送る\":\"Send Feedback\",\"フィード設定\":\"Auto Feed activity\",\"フォルダー\":\"Folder\",\"フォルダー名を入力\":\"Enter Folder Name\",\"フォロワー\":\"Followers\",\"フォロワーがいません\":\"No followers found\",\"フォロー\":\"Follow\",\"フォローされています\":\"Following you\",\"フォローしてリストに入れる\":\"Follow and add to list\",\"フォローする\":\"Follow\",\"フォローに失敗しました\":\"Failed to follow\",\"フォローの解除に失敗しました\":\"Failed to unfollow\",\"フォローをやめてもよろしいですか？\":\"Can I disable following?\",\"フォローをやめる\":\"Disable following\",\"フォローを解除\":\"Unfollow\",\"フォローを解除します。よろしいですか?\":\"Is it okay to unfollow?\",\"フォローユーザー\":\"Following\",\"フォローユーザーがいません\":\"No followed users found\",\"フォローユーザーの新着作品情報\":\"Info about new submissions by the users you follow\",\"フォローユーザーをリストに入れる\":\"Add to list\",\"フォローユーザーを編集\":\"Edit Following Users\",\"フォロー中\":\"Following\",\"フォロー新着作品が更新されました！\":\"New Work: Following has been updated!\",\"フォロー編集\":\"Follow settings\",\"フォロー解除\":\"Unfollow\",\"フォント\":\"Font\",\"フッターからモバイル向けの表示に%(br)戻すことができます\":\"You can switch back to the%(br)mobile version from the footer.\",\"ブックマーク\":\"Bookmarks\",\"ブックマークに追加\":\"Add to Bookmarks\",\"ブックマークを編集\":\"Edit Bookmark\",\"ブックマーク数\":\"Bookmarks\",\"ブラウザーでpixivを開いていなくても、デスクトップから最新の通知を受け取れるようになります。\":\"Even if pixiv isn't open on your browser, you can receive notifications on your desktop\",\"ブロック\":\"Block\",\"ブロック中\":\"Blocked\",\"プライバシー\":\"Privacy\",\"プリンター\":\"Printer\",\"プレビュー\":\"Preview\",\"プレミアム\":\"pixiv Premium\",\"プレミアムユーザーは作品の投稿日時を指定することができます。投稿日時は1週間先まで、30分単位で指定することができます。\":\"Premium members can now select a time and date to post their work. You can schedule the upload date for up to a week ahead in 30min intervals.\",\"プレミアム会員になるとユーザーをフォルダーに分類できます\":\"pixiv Premium members can group their following user into different folders.\",\"プレミアム会員はフォローユーザーをリストに分けて整理できます。%(br)メモとして利用したり、リストごとに新着作品を絞り込めるようになります。%(br)リストとその内容は他人から見られることはありません。\":\"Premium members can organize your followed users into lists.%(br) This way, it gets easier to manage them and to narrow down your favorite users' newest submissions.<br> The contents in your lists are private.\",\"プレミアム会員はフォローユーザーをリストに分けて整理できます。<br>メモとして利用したり、リストごとに新着作品を絞り込めるようになります。<br>リストとその内容は他人から見られることはありません。\":\"Premium members can organize your followed users into lists.<br> This way, it gets easier to manage them and to narrow down your favorite users' newest works.<br> The contents in your lists are private.\",\"プレミアム機能一覧\":\"View all Premium functions\",\"プロフィールの更新に失敗しました。時間を置いて再度お試しください。\":\"An error occurred attempting to update your profile. Please try again later.\",\"プロフィールを編集\":\"Edit profile\",\"プロフィールを見る\":\"View Profile\",\"プロフィールページが新しくなりました\":\"pixiv profile screen was renewed!\",\"プロフィール設定\":\"Profile settings\",\"ヘルプ\":\"Help\",\"ベースになった作品\":\"Based on\",\"ページへのリンクを追加\":\"Add Link To Page\",\"ページや機能名、URLをご入力ください\":\"Enter the page or function name and URL\",\"ページを更新\":\"Reload the page\",\"ページを追加\":\"Add pages\",\"ホーム\":\"Home\",\"ポイントを購入\":\"Purchase Points\",\"ポイント失効予定日\":\"Points expiration date\",\"ポップボード\":\"Pop Board\",\"マイピク\":\"MyPixiv\",\"マイピクがいません\":\"No My pixiv users found\",\"マイピクです\":\"My pixiv added\",\"マイピクに公開\":\"My pixiv only\",\"マイピクを解除してよろしいですか？\":\"Are you sure you want to remove this user from your My pixiv list?\",\"マイピク申請\":\"My pixiv request\",\"マイピク解除\":\"Remove from My pixiv\",\"マイピク限定\":\"My pixiv only\",\"マウス\":\"Mouse\",\"マンガ\":\"Manga\",\"マンガシリーズ\":\"Manga Series\",\"マンガシリーズには1,000件まで作品を追加できます。\":\"You can add up to 1000 submissions to a single manga series.\",\"マンガシリーズは100個まで作成できます。\":\"You can create up to 100 manga series.\",\"マンガシリーズを作成\":\"Create manga series\",\"マンガシリーズを編集\":\"Edit manga series\",\"マンガシリーズを追加\":\"Add manga series\",\"マンガ作品をイラストとして投稿していた場合、作品の種類をマンガに変更するとシリーズに追加できます\":\"If you posted your manga as an illustration, change the submission type to manga before adding it to this series.\",\"ミュート\":\"Mute\",\"ミュートされています\":\"Muted\",\"ミュートする\":\"Mute\",\"ミュートは$1件まで登録できます。\":\"You can mute up to $1 elements.\",\"ミュートは100件まで登録できます。\":\"You can mute up to 100 results\",\"ミュートをやめる\":\"Disable mute\",\"ミュート中\":\"Muted\",\"ミュート機能の使い方\":\"How to use the Mute function\",\"ミュート設定\":\"Mute settings\",\"ミュート設定の保存に失敗しました。しばらく時間をおいてから、再度お試しください。\":\"Failed to save mute settings. Please wait for a while before trying again.\",\"ミュート設定の削除に失敗しました。しばらく時間をおいてから、再度お試しください。\":\"Failed to cancel mute settings. Please wait for a while before trying again.\",\"ミュート設定の取得に失敗しました。しばらく時間をおいてから、ページを再読み込みしてください。\":\"Failed to retrieve mute setting info. Please wait for a while before reloading the page.\",\"ミュート設定を開く\":\"Open mute settings\",\"ミュート（開発中）\":\"Mute (developing)\",\"メッセージ\":\"Message\",\"メッセージを入力\":\"Type a message\",\"メッセージを送る\":\"Send Message\",\"メッセージ・ポップボード\":\"Message Pop Board\",\"メニューからミュートできます。\":\"menu of the work.\",\"メール認証が必要です\":\"Email verification is required\",\"メール認証が終わっていない為、その操作はできません\":\"The feature will remain locked due to verification being left incomplete.\",\"メール通知\":\"Mail notification\",\"モニター\":\"Monitor\",\"モバイル向けの表示に切り替え\":\"Switch to Mobile Site\",\"ユーザーの作品の%(dotIcon)メニューからそのユーザーをミュートすることができます。\":\"You can mute users from the %(dotIcon) menu of works submitted by that user.\",\"ユーザーをフォローする\":\"Follow a user\",\"ユーザーをフォローするとすばやく新作をチェックできます。気に入った作品を見つけたら作者をフォローしよう。\":\"When you follow users, you can quickly check their latest works. If you find works you like, follow their creator!\",\"ユーザーアイコンのアップロード\":\"Upload your profile icon\",\"ユーザーアイコンのアップロードに失敗しました。時間を置いて再度お試しください。\":\"Failed to upload user icon. Please try again after a while.\",\"ユーザー・作品タグをミュート指定すると、それらに該当する作品を非表示にできます。\":\"When muting user and work tags, you can hide works that correspond with them as well.\",\"ユーザー設定\":\"User settings\",\"リアクション\":\"Responses\",\"リスト\":\"List\",\"リスト: %(name)\":\"List: %(name)\",\"リストの削除に失敗しました\":\"Failed to delete a list\",\"リストの追加に失敗しました\":\"Failed to add a list\",\"リストを追加\":\"Add list\",\"リスト名\":\"List name\",\"リスト名の長さは$1文字までです。\":\"List name must be at most $1 characters long.\",\"リスト名を入力してください。\":\"Name your list.\",\"リンク先URL\":\"URI Link\",\"リンク先ページ番号\":\"Page number link\",\"ルビを振る\":\"Apply Furigana\",\"レポートを表示\":\"View Report\",\"ログアウト\":\"Logout\",\"ログアウトします。よろしいですか？\":\"Are you sure you want to logout?\",\"ログイン\":\"Login\",\"ログインが必要です\":\"You need to log in\",\"ローマ字\":\"Romaji\",\"一次創作\":\"Original \",\"一般ユーザーはタグとユーザーどちらか1件のみミュートできます。既にミュートした項目と入れ替えますか?\":\"Regular users can mute only $1 element between tags and users. Substitute currently muted element?\",\"一般ユーザーはタグとユーザー合わせて$1件までミュートできます。\":\"Regular users can mute up to $1 element(s) between users and tags.\",\"一般会員は1件までミュートできます。\":\"Free members can mute up to 1 result.\",\"一般会員は1件までミュートできます。既にある設定と入れ替えますか?\":\"Free members can mute up to 1 result. Would you like to change the pre-existing settings?\",\"中\":\"Medium\",\"中国語(簡体字)\":\"Chinese (Simplified)\",\"中国語(繁体字)\":\"Chinese (Traditional)\",\"予約後、投稿前であれば取り消しすることができます\":\"You can cancel scheduled posts as long as they haven't been published.\",\"予約投稿\":\"Schedule\",\"予約投稿する\":\"Schedule post\",\"予約投稿を設定した場合、イメージレスポンスはご利用いただけません。\":\"Users won't be able to use the \\\"image response\\\" function in a scheduled post.\",\"予約投稿作品\":\"Scheduled submissions\",\"二次創作\":\"Fan Fiction\",\"人気の作品が簡単に見つかる！\":\"Easily find popular works!\",\"人気順\":\"Sort by popularity\",\"人気順で検索\":\"Search by popularity\",\"今すぐ戻す\":\"Switch back now\",\"今なら初月無料！\":\"The first month is FREE!\",\"今は設定しない\":\"Ask me later\",\"今日\":\"Today\",\"他<span>$1件</span>以上の新着メッセージがあります。\":\"You have <span>$1</span> or more new messages.\",\"他<span>$1件</span>以上の新着通知があります。\":\"You have <span>$1</span> or more new notifications.\",\"他にも作品の再投稿や広告非表示など%(br)便利な機能が盛りだくさん\":\"Enables features such as re-submitting work, hiding ads, and other convenient features! \",\"他のユーザーによるタグ編集を許可\":\"Allow tag editing from other users\",\"他のユーザーによるタグ編集を許可しない\":\"Block other users from editing your tags\",\"他の作品\":\"Other Works\",\"他シリーズに\\n追加済み\":\"Already added to another series\",\"以上\":\" + \",\"以前の返信を見る\":\"Display Previous Replies\",\"以前プレミアムユーザーだった際に設定した項目は、再度pixivプレミアムに登録すると使えるようになります。\":\"Items that were muted when you were a pixiv user can be restored by registering once again.\",\"以前プレミアム会員だった際に設定した項目は、再度会員になると使えるようになります。\":\"Settings that were made when you were previously a pixiv premium member will become available again once you renew your membership.\",\"件数順\":\"Sort tag results\",\"作品\":\"Contents\",\"作品+キャラクターの名前\":\"Work (manga/anime etc.) + character name\",\"作品ID\":\"Work ID\",\"作品ID、またはURLを入力\":\"Enter work ID or URL\",\"作品がありません\":\"No works found.\",\"作品に♥する\":\"Bookmark a post\",\"作品にいいね！する\":\"Like a post\",\"作品の%(dotIcon)メニューからミュートしたいタグを選択することができます。\":\"\\\"You can mute tags from the %(dotIcon) menu of a work.\",\"作品の名前\":\"Work (manga/anime etc.) title\",\"作品の投稿予約は%(limit)作品まで可能です\":\"You can schedule up to %(limit) posts\",\"作品の種類をマンガに変更しますか？\":\"Change submission type to manga?\",\"作品を%(heart)する\":\"%(heart) a post\",\"作品をブックマークしていることを秘密にします\":\"No one will know you bookmarked this work.\",\"作品をブックマークするほどあなた好みの作品がみつかります\":\"Bookmark your favorite works to receive even more recommendations!\",\"作品を編集\":\"Edit post\",\"作品を追加・削除\":\"Add/Delete submission\",\"作品を選択\":\"Select submission(s)\",\"作品アンケート\":\"Poll\",\"作品タグ\":\"Tag List\",\"作品タグ情報\":\"Tag List Info \",\"作品タグ編集\":\"Edit tags\",\"作品一覧を見る\":\"See Works\",\"作品情報にネタバレ注意・閲覧注意のワードが含まれています\":\"Work information contains ネタバレ注意/閲覧注意 words\",\"作品情報の取得に失敗しました\":\"Work info could not be found\",\"作品投稿\":\"Submit\",\"作業環境\":\"Workspace\",\"作者\":\"Author\",\"作者が追加\":\"Added by author\",\"作者のおすすめが表示されます。気になるアイテムをチェックしよう\":\"This is an item recommended by the artist. Check out the items that pique your interest!\",\"作者のおすすめコンテンツがピックアップに表示されるようになりました\":\"Contents recommended by the artist are now displayed in \\\"Featured\\\"\",\"作者のつけたタグ、編集不可に設定されたタグは変更できません。%(br)タグを変更した際には作者に通知が届きます。\":\"The tags you added and the tags you set as \\\"non editable\\\" cannot be changed. %(br)You will be notified when someone edits the tags.\",\"作者のつけたタグ、編集不可に設定されたタグは変更できません。<br>タグを変更した際には作者に通知が届きます。\":\"The tags added by the author and the tags set as \\\"non editable\\\" cannot be changed. <br>The author will be notified when someone edits the tags.\",\"作者のつけたタグ、編集不可に設定されたタグは変更できません。タグを編集すると作者に通知が届きます\":\"Tags added by the author and tags set to non-editable cannot be changed. When you edit tags, a notification will be sent to the author.\",\"使用したpixivポイントは、掲載準備中以降は払い戻されません\":\"pixiv Points are not refundable in case you choose not to publish them if the request is currently in progress\",\"使用ポイント\":\"Points used\",\"使用履歴\":\"Usage history\",\"例：コメントの送信ボタンが押せなくなった\\n例：画面が真っ白になった　等\":\"Example: I couldn't press the \\\"Send Comment\\\" button\\nExample: The screen turned white, etc\",\"例：コメントを入力した時\\n例：マイピク限定作品を見ようとした時　等\":\"Example: I was writing a comment\\nExample: I was about to browse My pixiv limited works, etc\",\"保存\":\"Save\",\"保存(日時変更)\":\"Save\",\"保存されていない変更があります\":\"You have unsaved changes on this page.\",\"保存した「$1」検索を削除しますか？\":\"Delete the saved search \\\"$1\\\"?\",\"保存した検索\":\"Stored search\",\"保存した検索を編集\":\"Edit a stored search\",\"保存して閉じる\":\"Save and exit\",\"保存する\":\"Save\",\"保存せずに閉じる\":\"Don't save\",\"候補\":\"Option\",\"元のタグ\":\"Original tag\",\"全%(illustCount)作品を見る\":\"See all %(illustCount) works\",\"全%(total)話\":\"%(total) chapters\",\"全体に公開\":\"Make public\",\"全体の人気順\":\"Popular with all\",\"全体公開\":\"Public\",\"全年齢\":\"All ages\",\"公開\":\"Public\",\"公開しない\":\"Private\",\"公開範囲\":\"Privacy settings\",\"公開設定の変更に失敗しました\":\"Failed to change the privacy settings\",\"再設定する\":\"Set new cover\",\"再読み込みする\":\"Reload\",\"初月無料\":\"First month FREE\",\"利用規約やガイドラインに違反する作品は削除の対象となります\":\"Works that violate the Terms of Use or Guidelines will be deleted.\",\"削除\":\"Delete\",\"削除されたタグ\":\"Deleted tags\",\"削除する\":\"Delete\",\"前の話\":\"Previous chapter\",\"前へ\":\"Previous\",\"前後の作品\":\"Other works\",\"創作アイディア\":\"Creative Ideas\",\"半年\":\"6 Months\",\"参加しているグループ\":\"Groups\",\"反映\":\"Apply\",\"古い順\":\"Oldest\",\"各言語のタグ名\":\"Tag name by language\",\"同じコメントは連続して投稿できません\":\"You can't post the same comment twice in a row.\",\"同意してアップロード\":\"Agree and upload\",\"同時に予約できる件数が、3件から10件になりました！\":\"The number of submissions that can be scheduled at the same time has changed from 3 to 10!\",\"名前順\":\"Sort tag name\",\"商品はまだありません\":\"No item\",\"問題が解決しない場合は%(button:お問い合わせ)ください\":\"If the issue persists, please %(button:contact us).\",\"問題が解決しない場合は%(button:フィードバック)よりお知らせください\":\"If the issue persists, please send us your %(button:feedback).\",\"問題を報告\":\"Report a problem\",\"回答1（例: 登場人物）\":\"Answer 1 (ex. Characters)\",\"回答2（例: 世界観）\":\"Answer 2 (ex. Setting)\",\"回答3（例: 読みやすさ）\":\"Answer 3 (ex. Legibility)\",\"回答4\":\"Answer 4\",\"回答5\":\"Answer 5\",\"回答を追加\":\"Add Answer\",\"報告\":\"Report\",\"塗り忘れを見つけても安心！<br>コメントやいいね！を消さずに再投稿できます！\":\"Oops! Correction needed? <br>You can re-post without erasing Comments or Likes\",\"変更履歴\":\"Revision history\",\"変更後は%(months)ヶ月プランとなり、%(months)ヶ月ごとに%(price)円を請求いたします。\":\"After the switch to a %(months) month(s) plan, you will be charged %(price)JPY every %(months) month(s).\",\"大\":\"Large\",\"大きめ\":\"Large\",\"女子の人気順\":\"Popular (female)\",\"女子・男子の人気順に並び替えられるようになりました\":\"You can now order results by popularity among girls and among boys!\",\"始めから見る\":\"Start from the beginning\",\"定期購読が必要です\":\"You need to be subscribed\",\"定期購読して続きをみる\":\"Subscribe and read on\",\"定期購読する\":\"Subscribe\",\"定期購読の受付は終了しました\":\"Subscriptions are closed\",\"定期購読中\":\"Subscribed\",\"対応フォーマット\":\"Supported formats\",\"対象\":\"Target\",\"対象の機能と、機能に対するご意見・ご要望を教えてください\":\"Please tell us your opinions and requests regarding the function in question. \",\"小\":\"Small\",\"小さめ\":\"Small\",\"小説\":\"Novels\",\"小説の予約投稿ができるようになりました！\":\"You can now schedule novel submissions!\",\"小説シリーズ\":\"Novel Series\",\"小説作品\":\"Novels\",\"小説作品ページが新しくなりました\":\"The Novels page was renewed!\",\"小説投稿\":\"Submit a novel\",\"常に通知されます\":\"You will always be notified.\",\"広告を消しますか?\":\"Hide the ads?\",\"広告を消す\":\"Remove Ads\",\"従来に比べて表示速度も改善しています。\":\"The new profile page also loads faster than the old one.\",\"性別\":\"Gender\",\"成人向けのFANBOXを見るにはログインが必要です。\":\"You need to be logged in in order to browse adult-only content.\",\"戻る\":\"Back\",\"所持ポイント\":\"Points on hand\",\"投稿が混み合っている場合、予約時刻より最大10分程度遅れて投稿されることがあります\":\"If there are too many posts scheduled for a certain time, your work might be submitted with a 10 minutes delay.\",\"投稿しますか？\":\"Submit?\",\"投稿する\":\"Submit\",\"投稿予定\":\"To be posted\",\"投稿日時\":\"Time and date of upload\",\"投稿日時の指定と、Twitterへの同時投稿は併用できません\":\"You can't schedule your post and set it to be posted on Twitter at the same time.\",\"投稿日時を変更する\":\"Change date and time\",\"投稿順で並び替える\":\"Sort by Submission Order\",\"持っているアカウントではじめる\":\"Begin with an existing account\",\"挿絵を追加\":\"Add Illustration\",\"挿絵利用の申請が%(count)件きています\":\"You have %(count) illustration usage requests\",\"推奨アスペクト比\":\"Recommended aspect ratio\",\"掲載開始30分前になると、掲載準備中になります\":\"Your publishing status will be changed to \\\"In progress\\\" 30 minutes prior to the work being published\",\"描き方\":\"How to draw\",\"提案いただいた内容は、言語や分脈に沿ってタグを表示するための参考情報として利用されます\":\"The suggested content will be used as a reference for displayed tags, according to language and tag classification\",\"提案いただいた内容は、言語や分類に沿ったタグ表示を行うための参考情報として利用されます。\":\"The suggested content will be used as a reference for displayed tags, according to language and tag classification\",\"提案を送りました\":\"Suggestion sent\",\"提案を送る\":\"Send suggestion\",\"支払い方法：\":\"Payment method:\",\"支援して続きを見る\":\"Support and keep reading\",\"支援する\":\"Support\",\"支援の受付は終了しました\":\"Support applications have ended\",\"支援中\":\"Supporting\",\"支援者のみコメントができます\":\"Only supporters can comment\",\"支援者限定\":\"Supporters only\",\"文字\":\"characters\",\"文字サイズ\":\"Font size\",\"文字数が多すぎます\":\"Your comment is too long.\",\"新しいシリーズを作成\":\"Create new series\",\"新しいタグ\":\"New tag\",\"新しいフォルダー\":\"New Folder\",\"新しいリスト\":\"New list\",\"新しい作品タグ\":\"Add New Tag\",\"新しい順\":\"Newest\",\"新作品詳細について\":\"About new work details\",\"新機能・機能変更のリクエスト\":\"Request for new function/function change\",\"新機能追加・機能変更で便利になることや、解決する困りごとを教えてください\":\"Please tell us what are the advantages of the function you suggested and how it would solve your issue.\",\"新着\":\"New\",\"新着記事\":\"Latest articles\",\"新着順で検索\":\"Sort by newest\",\"新規フォルダー\":\"New Folder\",\"既に同じタグが存在します。\":\"This tag already exists.\",\"既に同じ名前のリストが存在します。\":\"A list with the same name already exists.\",\"明朝\":\"Mincho\",\"更新\":\"Update\",\"更新をデスクトップに通知する\":\"Switch to Desktop Notification\",\"書式のガイドライン\":\"Formatting guidelines\",\"書式のルール\":\"Formatting rules\",\"最大ファイルサイズ\":\"Maximum file size\",\"最大解像度\":\"Maximum resolution\",\"最新話です。次の話はありません\":\"This is the latest installment. No installments after this.\",\"最新話を見る\":\"View latest chapter\",\"月\":\"Month\",\"月額 ￥%(price)\":\"¥%(price) /month\",\"月額540円\":\"540 yen/month\",\"月額540円で%(br)人気の作品が見放題！\":\"Browse popular works all you want %(br)with just 540 yen/month! \",\"月額最大16%OFF！お得なプランへのご変更はこちらから\":\"Up to 16% OFF your monthly subscription! Switch to the new value plans here \",\"有料\":\"Paid Content\",\"期間\":\"Time Span\",\"未分類\":\"Uncategorized\",\"本文\":\"Content\",\"机\":\"Table\",\"机の上にあるもの\":\"On top of your desk\",\"条件をリセット\":\"Reset conditions\",\"椅子\":\"Chair\",\"検索\":\"Search results\",\"検索を保存しました。ホームにタブが追加されます。\":\"Your search has been saved. A tab will be added to your Home.\",\"検索ツール\":\"Search Tools\",\"検索履歴\":\"Search history\",\"検索履歴をクリアしますか？\":\"Clear your search history?\",\"検索履歴を削除しますか？\":\"Delete the search history?\",\"標準\":\"Standard\",\"横書き\":\"Horizontal type\",\"横長\":\"Horizontal\",\"機能変更へのフィードバック\":\"Function Change Feedback\",\"次の話\":\"Next chapter\",\"次の話は投稿されていません\":\"The next chapter hasn't been posted yet.\",\"次へ\":\"Next\",\"次回更新日からのプラン\":\"Your next plan\",\"正方形\":\"Square\",\"決定\":\"Confirm\",\"漢字\":\"Kanji\",\"無料\":\"Free\",\"無料でGoogle Chromeを入手\":\"Google Chrome Free Download\",\"特定のクリエイターの作品や、タグのついた作品を非表示にすることができます。\":\"You can hide certain creators' works and tags.\",\"特定商取引法に基づく表記\":\"Notation based on the Act on Specified Commercial Transactions\",\"現在の%(months)ヶ月プランは%(expireDate)まで継続され、その後はプランが切り替わります。\":\"The current %(months) month(s) plan will last up to %(expireDate), after which the plan will switch.\",\"現在のプラン\":\"Current plan\",\"男子の人気順\":\"Popular (male)\",\"男子・女子の人気順に並び替えられるようになりました\":\"You can now order results by popularity among boys and among girls!\",\"画像%(limitedImageCount)枚\":\"Images: %(limitedImageCount)\",\"画像のキャンバスサイズが大きすぎます。縮小して再度アップロードしてください。\":\"The image canvas size is too big. Resize it and try again.\",\"画像の合計ファイルサイズが大きすぎます。200MB以内にしてください。\":\"The total size of the image files is too big. It must be within 200MB.\",\"画像の合計ファイルサイズが大きすぎます。30MB以内にしてください。\":\"The total size of the image files is too big. It must be within 30MB.\",\"画像サイズが大きすぎます。ファイルサイズを32MB以下に縮小して、再度アップロードしてください。\":\"The image is too big. Make sure its size is within 32MB and try again.\",\"画像サイズが大きすぎます。ファイルサイズを8MB以下に縮小して、再度アップロードしてください。\":\"The image is too big. Make sure its size is within 8MB and try again.\",\"画像サイズが大きすぎます。ファイルサイズを8MB以下に縮小して再度アップロードしてください。\":\"The image is too big. Make sure its size is within 8MB and try again.\",\"画像ファイルをドロップ\":\"Drop your cover image file here\",\"登録したメールアドレスに確認のメールを送りました。メールを開いて認証を完了してください\":\"We sent a verification email to your registered email address. Please complete the verification by checking the email.\",\"目次を見る\":\"View index\",\"目的のタグを入力し、選択することでミュートできます。\":\"Type the desired tag and select it in order to mute it.\",\"相互フォロー\":\"Mutual Follow\",\"確認画面へ\":\"Confirm\",\"移行すると月額料金が今よりお得に！\":\"Switch plans and save money!\",\"章タイトル\":\"Title\",\"章タイトルを追加\":\"Add Chapter Title\",\"管理\":\"Manage\",\"終了日\":\"Ends\",\"絞り込み\":\"Filter\",\"絞り込む\":\"Filter\",\"絵を描く時に聞く音楽\":\"Drawing tunes\",\"絵文字\":\"Emoji\",\"続き($1ページ)から読む\":\"Read from (page $1)\",\"続きを見る\":\"Keep reading\",\"編集\":\"Edit\",\"編集した内容は作者に通知されます\":\"Changes will be notified to the artist\",\"編集しました。しばらく経つと再度編集できます\":\"Edited. You can edit this again after a while.\",\"編集する\":\"Edit\",\"編集を終了しますか？\\n行った変更は保存されません。\":\"Close settings?\\nChanges you made will not be saved.\",\"編集内容は保存されません。投稿を中止しますか？\":\"The edit will not be saved. Cancel submission?\",\"縦書き\":\"Vertical type\",\"縦書き﻿\":\"Vertical type\",\"縦長\":\"Vertical\",\"翻訳は完了しました\":\"This translation is complete\",\"翻訳提案利用規約に同意する\":\"I agree to the translation suggestions terms of service\",\"職業\":\"Occupation\",\"英語\":\"English\",\"英語名を提案する\":\"Suggest English translation\",\"表現内容\":\"Content\",\"表示する\":\"Show\",\"表示にはpixivアカウントが必要です。\":\"A pixiv account is required to display this work.\",\"表示にはpixivアカウントが必要です。18歳未満の方には表示できません。\":\"A pixiv account is required to display this work. It won't be displayed if you're under 18.\",\"表示の設定\":\"Display Settings\",\"表示中にエラーが発生しました\":\"An error has occurred on this page\",\"表紙\":\"Front Cover\",\"表紙画像をアップロードした場合、予約投稿はご利用いただけません。\":\"You won't be able to schedule a novel post if you uploaded a cover image.\",\"複数の画像フォーマットが存在します。異なるフォーマットはJPEGに変換されて投稿されます\":\"Several different file formats are included. The images will be converted to JPEG.\",\"複数種類のポイント\":\"Multiple types of points\",\"見つかりませんでした\":\"No results found for your query\",\"解除\":\"Remove\",\"解除する\":\"Unlink account\",\"記事にコメントやいいねが%(br)できるようになりました\":\"You can now comment %(br) and like articles!\",\"記事の購入が必要です\":\"You need to purchase this article\",\"記事一覧\":\"View all\",\"設定\":\"Settings\",\"設定できる掲載期間は、<strong>翌日の0時から1日毎</strong>になります\":\"Setting your publishment period is allowed starting at <strong>12 am</strong> the following day\",\"設定に戻る\":\"Return to Settings\",\"設定中\":\"Setting in effect\",\"詳しく\":\"Learn more\",\"詳しくはこちら\":\"Learn more\",\"詳しく見る\":\"Learn more\",\"詳細設定\":\"Advanced Settings\",\"認証が必要です\":\"You need to be authenticated\",\"認証メールを送信\":\"Send confirmation e-mail\",\"誕生日\":\"Birthday\",\"読み込み中\":\"Loading\",\"質問文（例: 良かったところはどこですか？）\":\"Enter a question (Example: What did you like?)\",\"購入して続きを見る\":\"Purchase and read on\",\"購入できるグッズ\":\"Goods you can purchase\",\"購入完了\":\"Purchase Complete\",\"購入履歴\":\"Purchase history\",\"購入手続きに失敗しました。\":\"Unable to complete purchase\",\"購入済み\":\"Purchased\",\"購読停止手続きに失敗しました。\":\"Failed to cancel subscription\",\"購読状態を変更する\":\"Change Subscription Info\",\"返信\":\"Reply\",\"返信する...\":\"Reply...\",\"返信を見る\":\"Display Replies\",\"追加\":\"Add\",\"退会・停止ユーザー\":\"Deleted/suspended account(s)\",\"送信\":\"Send\",\"通知\":\"Notifications\",\"通知する内容\":\"Notification Contents\",\"通知する内容を表示するにはデスクトップ通知を有効にしてください\":\"To display the notification contents, please activate dekstop notifications\",\"通知はありません\":\"There are no announcements\",\"通知を受け取る\":\"Receive notifications\",\"通知設定\":\"Notification Settings\",\"連作のマンガ作品をシリーズにまとめられるようになりました\":\"You can collect consecutive manga submissions into a series.\",\"連携する\":\"Link account\",\"選択したフレームを削除しますか？\":\"Delete the selected frame?\",\"閉じる\":\"Close\",\"開始日\":\"Starts\",\"関連作品\":\"Related work\",\"関連作品を見る\":\"More like this\",\"閲覧制限\":\"Viewing restriction\",\"閲覧制限中\":\"Restricted (Adult Content)\",\"閲覧数\":\"Views\",\"閲覧設定を変更\":\"Edit browsing settings\",\"閲覧設定を開く\":\"Open browsing settings\",\"限定ポイント\":\"Limited points\",\"非公開\":\"Private\",\"非公開で%(heart)する\":\"%(heart) privately\",\"非公開で<i class=\\\"_pico-20 _icon-like\\\"></i>\":\"<i class=\\\"_pico-20 _icon-like\\\"></i> it privately \",\"非公開ですき！する\":\"Like! privately\",\"非公開でフォロー\":\"Follow privately\",\"非公開でブックマーク\":\"Bookmark Privately\",\"韓国語\":\"Korean\",\"＊期間は最大一年まで指定可能です。\":\"*The maximum time span you can set is one year.\",\"searchBar\":\"_3t-4thH\",\"logo\":\"_369FxZ0\",\"field\":\"_3wjhj7j\",\"R-18G作品は表示できません\":\"R-18G作品は表示できません\",\"この作品「%(title)」は「%(userName)」さんの作品です。\":\"この作品「%(title)」は「%(userName)」さんの作品です。\",\"エラーが発生しました\":\"エラーが発生しました\",\"ミュート設定を表示\":\"ミュート設定を表示\",\"作品が存在しない、または公開条件により指定できません\":\"作品が存在しない、または公開条件により指定できません\",\"作者の作品タグ\":\"作者の作品タグ\",\"作者の投稿した作品・コンテンツへのリンクが表示されるようになりました\":\"作者の投稿した作品・コンテンツへのリンクが表示されるようになりました\",\"前の作品は投稿されていません\":\"前の作品は投稿されていません\",\"後の作品は投稿されていません\":\"後の作品は投稿されていません\",\"画像を削除しますか？\":\"画像を削除しますか？\",\"設定を変更する\":\"設定を変更する\",\"（読了目安: %(duration)）\":\"（読了目安: %(duration)）\",\"imageWrapper\":\"PKslhVT\",\"image\":\"_1hsIS11\",\"imageimg\":\"F1zlX7s\",\"caption\":\"_3HwPt89\",\"seriesTitle\":\"_1w2Zo91\",\"userLink\":\"_2wIynyg\",\"userImage\":\"_3KDKjXM\",\"thumbnailBadge\":\"_3b8AXEx\",\"rounded\":\"_1RIkRxi\",\"pageIcon\":\"XPwdj2F\",\"playCircleIcon\":\"AGgsUWZ\",\"size96\":\"AUq4YjG\",\"squareThumbnail\":\"_3dXyksb\",\"dummy\":\"qaaLz73\",\"thumbnailBadgeWrapper\":\"_8t25Jjf\",\"nation\":\"_2lsW_nw\",\"northelia\":\"_11DtbgG\",\"fireland\":\"_8lYwvQD\",\"eldergran\":\"_3M1ShcV\",\"list\":\"x7wiBV0\",\"listItem\":\"JoCpVnw\",\"tagHeader\":\"_35grfz5\",\"loading\":\"_1vYPmBr\",\"searchCustomTermDateContainer\":\"Eqhthit\",\"searchCustomTermDateButton\":\"_2ZuuOkP\",\"searchCustomTermDateButtonSelected\":\"_2IHY3X_\",\"searchCustomTermDateBetween\":\"_1_e44bw\",\"searchCustomTermNoticeContainer\":\"_3NgQbFS\",\"searchCustomTermCalendar\":\"_1pE4zaU\",\"searchCustomTermEnterButtonContainer\":\"Hl5vf9z\",\"searchCustomTermEnter\":\"_351EA6G\",\"infoBanner\":\"_2XbyfPW\",\"large\":\"_2f8Kpfg\",\"warning\":\"_3Ken07s\",\"divider\":\"_3O-SaGG\",\"verticallyCentered\":\"_2hdEzmP\",\"label\":\"_1rMelpQ\",\"block\":\"Osvkm9E\",\"disabled\":\"T4TXBq_\",\"checkbox\":\"AQu4es3\",\"back\":\"_10_DYF2\",\"sigil\":\"_1VFyMWI\",\"checked\":\"nuvIt9F\",\"radio\":\"_2qPuS3D\",\"relatedTagsContainer\":\"CbgN-Bo\",\"tagItemsContainer\":\"_3dA7ODg\",\"tagItem\":\"_1yCxV06\",\"tagText\":\"F4S0VzC\",\"tagTranslationText\":\"_3OW5HBO\",\"tagTextOnly\":\"mw-nqcv\",\"scrollButton\":\"_2PG_rvh\",\"scrollButtonInside\":\"_1nOuJxr\",\"scrollButtonLeft\":\"ikE86mX\",\"scrollButtonRight\":\"_1BmSU08\",\"popularIntroductionOverride\":\"_1R2B86m\",\"popupLink\":\"_1AGg6F2\",\"heightSpace\":\"_3G5oiDC\",\"infoContainer\":\"_3u-jv2L\",\"formSection\":\"_2lCIyIo\",\"textInputRow\":\"_3go16ba\",\"textInputLabel\":\"_1Q5Lfkl\",\"langComboboxWrapper\":\"_2U-Nhm8\",\"textInputWrapper\":\"_23bAgNJ\",\"tagCategorySelectContainer\":\"RqlTr5X\",\"tagCategoryComboboxWrapper\":\"pJV-kR7\",\"buttonsContainer\":\"_3m2yEi_\",\"submitButton\":\"_2owyQLr\",\"cancelButton\":\"_1YqFBz2\",\"guidelineCheckboxContainer\":\"_1cLCUrU\",\"agreeText\":\"_1gnsFbs\",\"sendCompletionText\":\"q0o0sMf\",\"okButtonContainer\":\"_3KG4oGW\",\"okButton\":\"b3VnVCT\"}","selectorShareBtn":"s.giDztv","shareButtonContainerSelector":"s.iOrOds"},"ts":1609583813524}