{"options":{"awareOfChrome":true,"check_for_updates":true,"comment":null,"compat_arrayleft":false,"compat_foreach":false,"compat_forvarin":false,"compat_metadata":false,"compat_prototypes":false,"compat_uW_gmonkey":false,"compat_wrappedjsobject":false,"compatopts_for_requires":true,"noframes":null,"override":{"merge_connects":true,"merge_excludes":true,"merge_includes":true,"merge_matches":true,"orig_connects":["miaopai.com","sina.cn","sina.com.cn","sinaimg.cn","sinajs.cn","t.cn","weibo.com"],"orig_excludes":["*://weibo.com/a/bind/*","*://account.weibo.com/*","*://kefu.weibo.com/*","*://photo.weibo.com/*","*://security.weibo.com/*","*://verified.weibo.com/*","*://vip.weibo.com/*","*://open.weibo.com/*","*://passport.weibo.com/*"],"orig_includes":["*://weibo.com/*","*://*.weibo.com/*","*://t.cn/*"],"orig_matches":["*://*.weibo.com/*","*://t.cn/*"],"orig_noframes":true,"orig_run_at":"document-start","use_blockers":[],"use_connects":[],"use_excludes":[],"use_includes":[],"use_matches":[]},"run_at":null},"settings":{"enabled":true,"position":7},"meta":{"name":"Yet Another Weibo Filter","uuid":"6d7c1d63-71b8-4074-896d-a4d7914ea1ff","modified":1612254784970,"file_url":"https://greasyfork.org/scripts/3249-yet-another-weibo-filter/code/Yet%20Another%20Weibo%20Filter.user.js"}}