{"options":{"awareOfChrome":false,"check_for_updates":true,"comment":null,"compat_arrayleft":false,"compat_foreach":false,"compat_forvarin":false,"compat_metadata":false,"compat_uW_gmonkey":false,"compat_wrappedjsobject":false,"compatopts_for_requires":true,"noframes":null,"override":{"merge_connects":true,"merge_excludes":true,"merge_includes":true,"merge_matches":true,"orig_excludes":[],"orig_includes":[],"orig_matches":["https://www.liaoxuefeng.com/wiki/*","https://www.liaoxuefeng.com/article/*"],"orig_noframes":null,"orig_run_at":"document-idle","use_blockers":[],"use_connects":[],"use_excludes":[],"use_includes":[],"use_matches":[]},"run_at":null},"settings":{"enabled":true,"position":10},"meta":{"name":"廖雪峰教程阅读模式","uuid":"137cbbc7-4166-4029-b281-ec45d5da3be7","modified":1609583810921,"file_url":"https://greasyfork.org/scripts/392952-%E5%BB%96%E9%9B%AA%E5%B3%B0%E6%95%99%E7%A8%8B%E9%98%85%E8%AF%BB%E6%A8%A1%E5%BC%8F/code/%E5%BB%96%E9%9B%AA%E5%B3%B0%E6%95%99%E7%A8%8B%E9%98%85%E8%AF%BB%E6%A8%A1%E5%BC%8F.user.js"}}