{"options":{"awareOfChrome":false,"check_for_updates":true,"comment":null,"compat_arrayleft":false,"compat_foreach":false,"compat_forvarin":false,"compat_metadata":false,"compat_uW_gmonkey":false,"compat_wrappedjsobject":false,"compatopts_for_requires":true,"noframes":null,"override":{"merge_connects":true,"merge_excludes":true,"merge_includes":true,"merge_matches":true,"orig_excludes":[],"orig_includes":["*//www.tieba.com/*","*//dq.tieba.com/*"],"orig_matches":[],"orig_noframes":null,"orig_run_at":"document-start","use_blockers":[],"use_connects":[],"use_excludes":[],"use_includes":[],"use_matches":[]},"run_at":null},"settings":{"enabled":true,"position":8},"meta":{"name":"百度贴吧重定向2019","uuid":"36e41817-778e-43ae-a766-8f9b877ec53f","modified":1609583810914,"file_url":"https://greasyfork.org/scripts/381995-%E7%99%BE%E5%BA%A6%E8%B4%B4%E5%90%A7%E9%87%8D%E5%AE%9A%E5%90%912019/code/%E7%99%BE%E5%BA%A6%E8%B4%B4%E5%90%A7%E9%87%8D%E5%AE%9A%E5%90%912019.user.js"}}