{"options":{"check_for_updates":true,"comment":null,"compatopts_for_requires":true,"compat_wrappedjsobject":false,"compat_metadata":false,"compat_foreach":false,"compat_arrayleft":false,"compat_uW_gmonkey":false,"compat_forvarin":false,"noframes":null,"awareOfChrome":false,"run_at":null,"override":{"merge_connects":true,"merge_excludes":true,"merge_includes":true,"merge_matches":true,"orig_connects":["*"],"orig_excludes":[],"orig_includes":[],"orig_matches":["*://pan.baidu.com/disk/home*","*://yun.baidu.com/disk/home*"],"orig_noframes":null,"orig_run_at":"document-start","use_blockers":[],"use_connects":[],"use_excludes":[],"use_includes":[],"use_matches":[]}},"settings":{"enabled":false,"position":21},"meta":{"name":"秒传链接提取","uuid":"a48998a6-7a1f-4f94-a3b3-3f6db064b8b7","modified":1614394430343,"file_url":"https://greasyfork.org/scripts/397324-%E7%A7%92%E4%BC%A0%E9%93%BE%E6%8E%A5%E6%8F%90%E5%8F%96/code/%E7%A7%92%E4%BC%A0%E9%93%BE%E6%8E%A5%E6%8F%90%E5%8F%96.user.js"}}