{"data":{"CatPW":"o{\"date\":\"2021/2/26\",\"sCode\":\"\",\"unPW\":\"\",\"Src\":\"https://pan.baidu.com/s/1CTU4R39Nq7fTdRohXraWaA\",\"surl\":\"\",\"Hash\":\"\",\"webSrc\":\"https%3A%2F%2Findienova.com%2Fcorp%2Frhythmdr\",\"webTitle\":\"%E8%8A%82%E5%A5%8F%E5%8C%BB%E7%94%9F%E4%B8%93%E9%A2%98%E9%A1%B5%20%7C%20Rhythm%20Doctor%20%7C%20indienova%20%E7%8B%AC%E7%AB%8B%E6%B8%B8%E6%88%8F\"}","CatPW_Manage":"o{\"StorageSave\":true,\"UpdataConfig\":{\"UpdataSave\":false,\"UpdataNotify\":false,\"UpdataPlugin\":false,\"UpdataVersion\":\"3.15.18.2\",\"MessageUI\":false},\"StorageExp\":365}","msgControl":"bfalse"},"ts":1614352122868}