{"options":{"awareOfChrome":false,"check_for_updates":true,"comment":null,"compat_arrayleft":false,"compat_foreach":false,"compat_forvarin":false,"compat_metadata":false,"compat_uW_gmonkey":false,"compat_wrappedjsobject":false,"compatopts_for_requires":true,"noframes":null,"override":{"merge_connects":true,"merge_excludes":true,"merge_includes":true,"merge_matches":true,"orig_connects":["agefans.tv"],"orig_excludes":["http*://*.pcs.baidu.com/*","http*://*.baidupcs.com/*","http*://*:8666/file/*","http*://*.baidu.com/file/*","http*://index.baidu.com/*","http*://*.gov/*","http*://*.gov.cn/*","http*://*.taobao.com/*","http*://*.tmall.com/*","http*://*.alimama.com/*","http*://*.jd.com/*","http*://*.zol.com.cn/*","http*://*.ctrip.com/*","http*://*.evernote.com/*","http*://*.yinxiang.com/*","http*://mail.*","http*://ping.*","http*://inbox.google.com/*","/^https?://(localhost|10\\.|192\\.|127\\.)/","/https?://www.baidu.com/(?:s|baidu)\\?/","http*://www.zhihu.com/question/*/answers/created","https://caiyun.feixin.10086.cn/portal/index.jsp#myfile*"],"orig_includes":["http://*","https://*"],"orig_matches":[],"orig_noframes":true,"orig_run_at":"document-idle","use_blockers":[],"use_connects":[],"use_excludes":[],"use_includes":[],"use_matches":[]},"run_at":null},"settings":{"enabled":true,"position":22},"meta":{"name":"网盘自动填写访问码【威力加强版】","uuid":"0e4b11bd-317d-4490-a477-3c610a296b48","modified":1614226952083,"file_url":"https://greasyfork.org/scripts/29762-%E7%BD%91%E7%9B%98%E8%87%AA%E5%8A%A8%E5%A1%AB%E5%86%99%E5%AF%86%E7%A0%81-%E5%A8%81%E5%8A%9B%E5%8A%A0%E5%BC%BA%E7%89%88/code/%E7%BD%91%E7%9B%98%E8%87%AA%E5%8A%A8%E5%A1%AB%E5%86%99%E5%AF%86%E7%A0%81%E3%80%90%E5%A8%81%E5%8A%9B%E5%8A%A0%E5%BC%BA%E7%89%88%E3%80%91.user.js"}}