{"data":{"$config":"o{\"uid\":\"kcojtkwrroly0h23cajkgsjt1vuzjo49\",\"share_log_list\":{\"baidu#p4BNrF-6PVz1HlU4BhaDdQ\":{\"share_id\":\"p4BNrF-6PVz1HlU4BhaDdQ\",\"share_pwd\":\"btwn\",\"share_link\":\"https://pan.baidu.com/share/init?surl=p4BNrF-6PVz1HlU4BhaDdQ\",\"share_source\":\"baidu\",\"share_time\":1609812541383},\"baidu#nyaKAhrladmaXqc-H7xwdA\":{\"share_id\":\"nyaKAhrladmaXqc-H7xwdA\",\"share_pwd\":\"ds96\",\"share_link\":\"https://pan.baidu.com/share/init?surl=nyaKAhrladmaXqc-H7xwdA#ds96\",\"share_source\":\"baidu\",\"share_time\":1609828309495},\"baidu#8DuIfGbUAV_QJBL8_bTpSg\":{\"share_id\":\"8DuIfGbUAV_QJBL8_bTpSg\",\"share_pwd\":\"ez07\",\"share_link\":\"https://pan.baidu.com/share/init?surl=8DuIfGbUAV_QJBL8_bTpSg#ez07\",\"share_source\":\"baidu\",\"share_time\":1609915822643},\"baidu#JdWPVca03eV7BBk5e3vmzw\":{\"share_id\":\"JdWPVca03eV7BBk5e3vmzw\",\"share_pwd\":\"uo9q\",\"share_link\":\"https://pan.baidu.com/share/init?surl=JdWPVca03eV7BBk5e3vmzw#uo9q\",\"share_source\":\"baidu\",\"share_time\":1610159613312},\"baidu#LStBLByCndk3aEOUx18zLw\":{\"share_id\":\"LStBLByCndk3aEOUx18zLw\",\"share_pwd\":\"h2t3\",\"share_link\":\"https://pan.baidu.com/share/init?surl=LStBLByCndk3aEOUx18zLw#h2t3\",\"share_source\":\"baidu\",\"share_time\":1610263462514},\"baidu#S4xcK9TW12mchWpQLM1ihA\":{\"share_id\":\"S4xcK9TW12mchWpQLM1ihA\",\"share_pwd\":\"03f0\",\"share_link\":\"https://pan.baidu.com/share/init?surl=S4xcK9TW12mchWpQLM1ihA#03f0\",\"share_source\":\"baidu\",\"share_time\":1610263588883},\"baidu#nbOm4FLcISO8moN2EVk8Ug\":{\"share_id\":\"nbOm4FLcISO8moN2EVk8Ug\",\"share_pwd\":\"hp8g\",\"share_link\":\"https://pan.baidu.com/share/init?surl=nbOm4FLcISO8moN2EVk8Ug#hp8g\",\"share_source\":\"baidu\",\"share_time\":1611222521943},\"baidu#OEI7_sb_AXgAjoHu-iqHCw\":{\"share_id\":\"OEI7_sb_AXgAjoHu-iqHCw\",\"share_pwd\":\"pqd2\",\"share_link\":\"https://pan.baidu.com/share/init?surl=OEI7_sb_AXgAjoHu-iqHCw#pqd2\",\"share_source\":\"baidu\",\"share_time\":1611295033610},\"baidu#WFAr8vFh1qfUaDHtXc78_g\":{\"share_id\":\"WFAr8vFh1qfUaDHtXc78_g\",\"share_pwd\":\"wqz0\",\"share_link\":\"https://pan.baidu.com/share/init?surl=WFAr8vFh1qfUaDHtXc78_g#wqz0\",\"share_source\":\"baidu\",\"share_time\":1611540109946},\"baidu#Mlg_S8ftn5nuOJce47lyGA\":{\"share_id\":\"Mlg_S8ftn5nuOJce47lyGA\",\"share_pwd\":\"UPNB\",\"share_link\":\"https://pan.baidu.com/share/init?surl=Mlg_S8ftn5nuOJce47lyGA\",\"share_source\":\"baidu\",\"share_time\":1611547296473},\"baidu#GApPsYgQHllm53jVGaR-xg\":{\"share_id\":\"GApPsYgQHllm53jVGaR-xg\",\"share_pwd\":\"wj8v\",\"share_link\":\"https://pan.baidu.com/share/init?surl=GApPsYgQHllm53jVGaR-xg#wj8v\",\"share_source\":\"baidu\",\"share_time\":1611815363250},\"baidu#f9DvZrEO1jSYhF3dQQmJ3g\":{\"share_id\":\"f9DvZrEO1jSYhF3dQQmJ3g\",\"share_pwd\":\"i58x\",\"share_link\":\"https://pan.baidu.com/share/init?surl=f9DvZrEO1jSYhF3dQQmJ3g\",\"share_source\":\"baidu\",\"share_time\":1611825673334},\"baidu#afZ1aQJpSc_hQQp0d7qIeQ\":{\"share_id\":\"afZ1aQJpSc_hQQp0d7qIeQ\",\"share_pwd\":\"hmoe\",\"share_link\":\"https://pan.baidu.com/share/init?surl=afZ1aQJpSc_hQQp0d7qIeQ\",\"share_source\":\"baidu\",\"share_time\":1611998920183},\"baidu#mdbrofWA0SWhsDF5LcW9wQ\":{\"share_id\":\"mdbrofWA0SWhsDF5LcW9wQ\",\"share_pwd\":\"hmoe\",\"share_link\":\"https://pan.baidu.com/share/init?surl=mdbrofWA0SWhsDF5LcW9wQ#list/path=%2F\",\"share_source\":\"baidu\",\"share_time\":1611985999810},\"baidu#ck2bNEnebRlEhzu6bhItHg\":{\"share_id\":\"ck2bNEnebRlEhzu6bhItHg\",\"share_pwd\":\"kqyh\",\"share_link\":\"https://pan.baidu.com/share/init?surl=ck2bNEnebRlEhzu6bhItHg\",\"share_source\":\"baidu\",\"share_time\":1612014533987},\"baidu#HKHqEvpvBNXZ2MUmAviWyA\":{\"share_id\":\"HKHqEvpvBNXZ2MUmAviWyA\",\"share_pwd\":\"1234\",\"share_link\":\"https://pan.baidu.com/share/init?surl=HKHqEvpvBNXZ2MUmAviWyA\",\"share_source\":\"baidu\",\"share_time\":1612176346715},\"baidu#NARl_8wYJbouIBRBTrNOEA\":{\"share_id\":\"NARl_8wYJbouIBRBTrNOEA\",\"share_pwd\":\"fpm2\",\"share_link\":\"https://pan.baidu.com/share/init?surl=NARl_8wYJbouIBRBTrNOEA#fpm2\",\"share_source\":\"baidu\",\"share_time\":1612324308886},\"baidu#qplnHsUmzxEPK1QJZGQ-uw\":{\"share_id\":\"qplnHsUmzxEPK1QJZGQ-uw\",\"share_pwd\":\"5ahl\",\"share_link\":\"https://pan.baidu.com/share/init?surl=qplnHsUmzxEPK1QJZGQ-uw#5ahl\",\"share_source\":\"baidu\",\"share_time\":1612345179377},\"baidu#VqYRmcvaf1YFeEg2jPsiqA\":{\"share_id\":\"VqYRmcvaf1YFeEg2jPsiqA\",\"share_pwd\":\"rkja\",\"share_link\":\"https://pan.baidu.com/share/init?surl=VqYRmcvaf1YFeEg2jPsiqA#rkja\",\"share_source\":\"baidu\",\"share_time\":1612597069154},\"baidu#W0oNmfpM3s9IYrHPAt2eLw\":{\"share_id\":\"W0oNmfpM3s9IYrHPAt2eLw\",\"share_pwd\":\"fi7u\",\"share_link\":\"https://pan.baidu.com/share/init?surl=W0oNmfpM3s9IYrHPAt2eLw\",\"share_source\":\"baidu\",\"share_time\":1612665701730},\"baidu#8hkLZa4VMukTB67AFOdGxw\":{\"share_id\":\"8hkLZa4VMukTB67AFOdGxw\",\"share_pwd\":\"6666\",\"share_link\":\"https://pan.baidu.com/share/init?surl=8hkLZa4VMukTB67AFOdGxw#6666\",\"share_source\":\"baidu\",\"share_time\":1612796728258},\"baidu#kvPDUrwGP5Nv3Sjq4_fs-g\":{\"share_id\":\"kvPDUrwGP5Nv3Sjq4_fs-g\",\"share_pwd\":\"3464\",\"share_link\":\"https://pan.baidu.com/share/init?surl=kvPDUrwGP5Nv3Sjq4_fs-g\",\"share_source\":\"baidu\",\"share_time\":1612863708205},\"baidu#ZcGoo7C8CW2-E_yDBPq4gQ\":{\"share_id\":\"ZcGoo7C8CW2-E_yDBPq4gQ\",\"share_pwd\":\"aq0v\",\"share_link\":\"https://pan.baidu.com/share/init?surl=ZcGoo7C8CW2-E_yDBPq4gQ#aq0v\",\"share_source\":\"baidu\",\"share_time\":1612867582106},\"baidu#qKDxBEHyLpuwzbn4CSD0Rw\":{\"share_id\":\"qKDxBEHyLpuwzbn4CSD0Rw\",\"share_pwd\":\"tqc9\",\"share_link\":\"https://pan.baidu.com/share/init?surl=qKDxBEHyLpuwzbn4CSD0Rw#tqc9\",\"share_source\":\"baidu\",\"share_time\":1613271694688},\"baidu#xvRM1DlheM7P052Aazq8pw\":{\"share_id\":\"xvRM1DlheM7P052Aazq8pw\",\"share_pwd\":\"sn2g\",\"share_link\":\"https://pan.baidu.com/share/init?surl=xvRM1DlheM7P052Aazq8pw\",\"share_source\":\"baidu\",\"share_time\":1613626850892},\"baidu#8eYVGZT1-pEpY-RKMxL4jA\":{\"share_id\":\"8eYVGZT1-pEpY-RKMxL4jA\",\"share_pwd\":\"ukt4\",\"share_link\":\"https://pan.baidu.com/share/init?surl=8eYVGZT1-pEpY-RKMxL4jA#ukt4\",\"share_source\":\"baidu\",\"share_time\":1613711366775},\"weiyun#biQBr32e\":{\"share_id\":\"biQBr32e\",\"share_pwd\":\"6nh2tu\",\"share_link\":\"https://share.weiyun.com/biQBr32e#6nh2tu\",\"share_source\":\"weiyun\",\"share_time\":1613712703846},\"lanzous#b00zdcveb\":{\"share_id\":\"b00zdcveb\",\"share_pwd\":\"0\",\"share_link\":\"https://ztj.lanzous.com/b00zdcveb\",\"share_source\":\"lanzous\",\"share_time\":1614251286040},\"lanzous#b00z6w3cj\":{\"share_id\":\"b00z6w3cj\",\"share_pwd\":\"0\",\"share_link\":\"https://ztj.lanzous.com/b00z6w3cj\",\"share_source\":\"lanzous\",\"share_time\":1614263622326}}}","$storage":"o{\"version_date\":\"20210226\",\"version_payload\":{\"version\":\"0.4.7\"},\"version_latest\":\"0.4.7\"}"},"ts":1614352125858}