{"options":{"awareOfChrome":false,"check_for_updates":true,"comment":null,"compat_arrayleft":false,"compat_foreach":false,"compat_forvarin":false,"compat_metadata":false,"compat_uW_gmonkey":false,"compat_wrappedjsobject":false,"compatopts_for_requires":true,"noframes":null,"override":{"merge_connects":true,"merge_excludes":true,"merge_includes":true,"merge_matches":true,"orig_excludes":[],"orig_includes":[],"orig_matches":["http://ac.qq.com/ComicView/index/id/*","http://m.ac.qq.com/chapter/index/id/*"],"orig_noframes":null,"orig_run_at":"document-idle","use_blockers":[],"use_connects":[],"use_excludes":[],"use_includes":[],"use_matches":[]},"run_at":null},"settings":{"enabled":true,"position":14},"meta":{"name":"腾讯动漫-破解","uuid":"9c831f11-db42-40fd-9fc5-54841cd3e37b","modified":1609583810930,"file_url":"https://greasyfork.org/zh-CN/scripts/16887/code/script.user.js"}}